three,2016,21,0,0,3,1453399270
four,2016,21,0,0,1,1453404689
four,2016,21,0,1,15,1453406555
two,2016,21,0,1,8,1453410633
one,2016,21,0,0,12,1453414034
two,2016,21,0,0,6,1453419762
two,2016,21,0,1,16,1453437662
three,2016,21,0,0,11,1453441012
four,2016,21,0,1,10,1453444800
three,2016,22,0,0,3,1453460684
three,2016,22,0,1,14,1453473348
one,2016,22,0,1,12,1453476193
four,2016,22,0,0,2,1453476214
three,2016,22,0,0,14,1453492094
two,2016,22,0,0,5,1453515975
two,2016,22,0,1,5,1453519800
three,2016,22,0,0,14,1453526036
one,2016,23,1,0,12,1453546995
two,2016,23,1,0,16,1453557989
one,2016,23,1,1,9,1453562613
three,2016,23,1,1,14,1453564660
two,2016,23,1,1,13,1453573087
three,2016,23,1,1,3,1453605117
three,2016,24,1,1,4,1453651259
four,2016,24,1,0,15,1453660133
one,2016,24,1,1,7,1453673372
four,2016,24,1,0,1,1453673487
four,2016,24,1,1,10,1453688522
two,2016,24,1,0,8,1453688949
four,2016,24,1,1,2,1453694255
one,2016,25,0,1,12,1453717136
four,2016,25,0,1,15,1453721437
two,2016,25,0,1,5,1453728037
one,2016,25,0,1,7,1453748330
one,2016,26,0,0,7,1453802738
one,2016,26,0,1,9,1453818483
two,2016,26,0,1,6,1453822857
three,2016,26,0,0,3,1453837104
four,2016,26,0,1,1,1453838884
four,2016,26,0,1,2,1453856838
four,2016,26,0,1,2,1453859860
four,2016,26,0,0,10,1453872487
two,2016,26,0,1,13,1453874574
three,2016,27,0,1,4,1453885606
two,2016,27,0,1,17,1453891009
two,2016,27,0,0,8,1453896696
two,2016,27,0,1,13,1453902352
three,2016,27,0,0,3,1453916184
four,2016,27,0,1,2,1453928354
two,2016,27,0,0,5,1453929289
three,2016,27,0,0,14,1453934095
two,2016,27,0,0,8,1453951212
one,2016,27,0,0,9,1453955569
four,2016,27,0,1,10,1453966719
three,2016,28,0,1,11,1453972671
two,2016,28,0,0,13,1453977765
four,2016,28,0,0,15,1453983623
one,2016,28,0,1,12,1453986393
four,2016,28,0,0,2,1453988604
three,2016,28,0,1,11,1454006349
four,2016,28,0,1,1,1454031823
four,2016,28,0,0,1,1454035757
three,2016,29,0,0,4,1454064185
three,2016,29,0,0,14,1454066264
three,2016,29,0,0,14,1454069108
three,2016,29,0,0,14,1454073037
three,2016,29,0,0,4,1454098914
two,2016,29,0,0,5,1454111686
two,2016,29,0,1,5,1454124501
three,2016,29,0,0,4,1454138490
two,2016,30,1,1,5,1454141397
one,2016,30,1,0,9,1454156127
three,2016,30,1,1,4,1454168743
two,2016,30,1,1,6,1454172875
four,2016,30,1,0,10,1454178874
one,2016,30,1,1,7,1454200008
two,2016,30,1,0,16,1454223594
three,2016,31,1,1,3,1454251036
two,2016,31,1,1,8,1454262001
three,2016,31,1,1,3,1454277843
one,2016,31,1,1,9,1454278711
one,2016,31,1,1,7,1454281447
three,2016,31,1,0,11,1454302886
one,2016,1,0,1,9,1454321620
three,2016,1,0,1,14,1454334786
two,2016,1,0,0,6,1454346162
two,2016,1,0,0,17,1454352000
one,2016,1,0,1,12,1454358965
four,2016,1,0,1,1,1454369423
four,2016,1,0,0,1,1454375633
two,2016,1,0,1,6,1454393951
three,2016,2,0,1,11,1454400716
three,2016,2,0,0,4,1454427495
four,2016,2,0,0,1,1454434955
two,2016,2,0,0,6,1454437041
two,2016,2,0,1,6,1454442132
three,2016,2,0,1,4,1454447428
four,2016,2,0,1,10,1454452332
four,2016,2,0,1,2,1454455959
two,2016,3,0,1,16,1454505820
one,2016,3,0,1,9,1454538516
one,2016,3,0,0,7,1454568313
two,2016,3,0,1,13,1454569387
two,2016,4,0,0,5,1454623598
one,2016,4,0,0,12,1454629882
four,2016,4,0,1,2,1454630600
two,2016,4,0,0,8,1454638230
four,2016,4,0,1,2,1454646474
three,2016,5,0,0,3,1454661439
one,2016,5,0,1,7,1454663289
four,2016,5,0,0,2,1454664140
four,2016,5,0,0,10,1454683708
three,2016,5,0,0,4,1454688412
four,2016,5,0,1,1,1454703472
four,2016,5,0,1,1,1454709425
two,2016,5,0,0,16,1454710010
two,2016,5,0,0,17,1454736895
one,2016,6,1,0,7,1454763909
four,2016,6,1,0,10,1454781428
three,2016,6,1,0,3,1454811607
two,2016,6,1,1,16,1454819044
four,2016,6,1,1,2,1454824916
two,2016,7,1,1,5,1454832570
two,2016,7,1,0,17,1454847808
one,2016,7,1,1,7,1454862277
two,2016,7,1,1,17,1454863897
two,2016,7,1,0,16,1454864855
two,2016,7,1,0,8,1454886517
four,2016,7,1,0,2,1454887837
two,2016,7,1,1,17,1454892136
three,2016,7,1,1,4,1454901366
two,2016,7,1,1,16,1454915745
one,2016,8,0,1,12,1454923484
one,2016,8,0,1,9,1454925842
two,2016,8,0,0,6,1454966412
one,2016,8,0,0,12,1454967846
two,2016,8,0,0,8,1454979529
four,2016,8,0,0,10,1454985756
two,2016,8,0,0,8,1454987870
three,2016,8,0,0,11,1455004593
two,2016,9,0,0,13,1455057769
one,2016,9,0,1,7,1455074983
three,2016,9,0,1,3,1455081226
three,2016,9,0,0,4,1455081526
four,2016,9,0,0,2,1455085673
two,2016,10,0,0,17,1455092639
one,2016,10,0,0,12,1455095815
one,2016,10,0,1,7,1455099146
four,2016,10,0,1,1,1455104096
four,2016,10,0,0,2,1455109185
two,2016,10,0,1,5,1455121427
one,2016,10,0,0,7,1455122224
two,2016,10,0,0,5,1455141866
four,2016,10,0,0,1,1455148472
three,2016,10,0,1,11,1455163141
one,2016,10,0,1,12,1455169295
two,2016,11,0,1,17,1455194693
two,2016,11,0,1,5,1455204730
two,2016,11,0,1,17,1455205245
three,2016,11,0,0,4,1455211357
two,2016,11,0,1,6,1455221626
three,2016,11,0,1,4,1455225668
two,2016,11,0,1,8,1455231407
one,2016,11,0,1,7,1455234325
two,2016,12,0,1,17,1455269951
two,2016,12,0,1,16,1455279514
two,2016,12,0,0,8,1455314824
three,2016,12,0,1,3,1455336019
four,2016,12,0,0,1,1455338903
three,2016,12,0,0,4,1455345832
four,2016,13,1,1,2,1455358244
three,2016,13,1,0,3,1455365835
four,2016,13,1,1,15,1455405121
one,2016,13,1,0,12,1455405724
three,2016,13,1,1,4,1455426569
two,2016,13,1,0,6,1455427498
two,2016,13,1,1,5,1455435430
two,2016,14,1,0,13,1455460706
three,2016,14,1,1,3,1455462285
three,2016,14,1,1,14,1455482154
two,2016,14,1,1,5,1455487164
four,2016,14,1,1,2,1455487951
two,2016,14,1,1,6,1455490867
four,2016,14,1,0,2,1455509407
four,2016,14,1,1,2,1455513244
three,2016,15,0,1,3,1455524182
one,2016,15,0,1,9,1455524518
one,2016,15,0,1,9,1455540145
two,2016,15,0,0,6,1455553563
two,2016,15,0,0,6,1455579683
two,2016,15,0,1,5,1455594012
four,2016,15,0,1,15,1455603393
four,2016,15,0,1,10,1455605208
two,2016,16,0,1,16,1455627462
two,2016,16,0,1,16,1455629207
four,2016,16,0,0,10,1455635018
four,2016,16,0,0,1,1455670982
two,2016,16,0,1,17,1455671513
two,2016,17,0,0,6,1455717395
two,2016,17,0,1,8,1455721981
three,2016,17,0,1,14,1455728031
one,2016,17,0,0,7,1455731747
three,2016,17,0,1,11,1455739583
three,2016,17,0,1,11,1455747789
two,2016,17,0,0,17,1455748829
four,2016,17,0,0,2,1455756269
two,2016,17,0,0,5,1455762614
two,2016,18,0,0,13,1455808459
four,2016,18,0,1,10,1455812317
three,2016,18,0,1,11,1455833461
one,2016,18,0,0,7,1455844866
two,2016,18,0,1,5,1455846093
one,2016,18,0,1,9,1455856081
three,2016,18,0,1,4,1455865858
two,2016,19,0,1,17,1455881049
two,2016,19,0,1,8,1455891416
two,2016,19,0,1,6,1455919938
two,2016,19,0,1,13,1455932763
one,2016,19,0,1,9,1455942210
four,2016,20,1,0,2,1455956392
three,2016,20,1,1,3,1455965390
two,2016,20,1,0,17,1455983127
two,2016,20,1,1,13,1455993694
four,2016,20,1,1,1,1456009004
three,2016,20,1,1,4,1456017220
two,2016,20,1,0,8,1456020144
two,2016,20,1,1,16,1456031820
two,2016,21,1,0,13,1456049050
four,2016,21,1,0,2,1456051348
one,2016,21,1,0,7,1456077660
four,2016,21,1,0,10,1456078352
four,2016,21,1,0,15,1456079484
two,2016,21,1,0,17,1456079675
three,2016,21,1,0,3,1456083952
two,2016,21,1,0,13,1456086190
two,2016,21,1,1,8,1456091744
four,2016,21,1,1,2,1456093624
one,2016,21,1,1,9,1456115860
four,2016,22,0,1,2,1456129988
two,2016,22,0,1,5,1456135966
two,2016,22,0,0,5,1456142200
two,2016,22,0,0,6,1456143369
one,2016,22,0,1,12,1456162861
two,2016,22,0,1,6,1456164488
three,2016,22,0,1,4,1456166471
three,2016,22,0,1,3,1456171460
four,2016,22,0,0,15,1456174419
four,2016,22,0,1,10,1456174946
two,2016,22,0,1,17,1456177337
four,2016,23,0,1,10,1456233341
three,2016,23,0,0,14,1456242611
three,2016,23,0,0,11,1456244714
one,2016,23,0,0,7,1456247917
three,2016,23,0,1,4,1456252440
three,2016,23,0,0,11,1456260471
three,2016,23,0,1,11,1456272313
three,2016,24,0,1,14,1456309978
three,2016,24,0,1,3,1456322656
four,2016,24,0,0,2,1456324146
two,2016,24,0,1,17,1456333209
four,2016,24,0,0,10,1456339596
one,2016,24,0,1,7,1456339717
four,2016,24,0,0,1,1456351640
four,2016,24,0,1,2,1456366731
four,2016,24,0,1,10,1456378623
three,2016,25,0,1,11,1456416896
two,2016,25,0,0,8,1456432063
four,2016,25,0,0,10,1456437933
two,2016,25,0,1,16,1456449184
four,2016,25,0,1,10,1456454128
three,2016,26,0,1,11,1456483118
three,2016,26,0,1,11,1456495361
two,2016,26,0,0,5,1456497007
four,2016,26,0,1,2,1456520751
one,2016,26,0,1,12,1456525009
two,2016,26,0,1,13,1456526422
four,2016,26,0,0,10,1456537888
two,2016,26,0,1,8,1456554139
three,2016,27,1,0,4,1456566899
four,2016,27,1,0,15,1456567706
four,2016,27,1,1,1,1456570173
two,2016,27,1,0,5,1456579595
two,2016,27,1,0,5,1456581045
four,2016,27,1,1,15,1456595512
one,2016,27,1,1,7,1456597332
four,2016,27,1,1,2,1456603211
two,2016,27,1,0,8,1456613948
three,2016,27,1,1,14,1456627616
three,2016,27,1,0,11,1456631690
four,2016,27,1,1,2,1456643770
two,2016,27,1,1,13,1456645095
two,2016,28,1,1,17,1456661555
two,2016,28,1,1,5,1456676005
three,2016,28,1,0,14,1456698424
one,2016,28,1,1,9,1456707819
one,2016,28,1,1,9,1456710917
three,2016,28,1,0,14,1456714651
two,2016,28,1,1,17,1456724271
two,2016,28,1,0,8,1456730676
four,2016,28,1,0,15,1456730790
three,2016,29,0,1,11,1456733192
two,2016,29,0,0,5,1456737613
four,2016,29,0,1,10,1456737786
two,2016,29,0,0,17,1456749022
one,2016,29,0,0,9,1456753201
four,2016,29,0,1,15,1456774964
four,2016,29,0,0,2,1456783278
three,2016,29,0,0,3,1456783668
two,2016,29,0,1,17,1456784796
four,2016,29,0,1,2,1456795691
two,2016,29,0,0,17,1456802821
three,2016,29,0,1,14,1456811494
two,2016,1,0,1,16,1456824129
two,2016,1,0,0,8,1456852561
two,2016,1,0,0,13,1456871167
three,2016,1,0,0,4,1456878579
one,2016,1,0,1,7,1456882270
one,2016,1,0,0,7,1456894791
two,2016,1,0,1,6,1456905550
one,2016,2,0,1,12,1456906877
three,2016,2,0,0,14,1456916827
one,2016,2,0,0,12,1456920783
one,2016,2,0,0,9,1456927277
two,2016,2,0,1,6,1456935966
three,2016,2,0,1,14,1456952796
two,2016,2,0,1,17,1456956688
one,2016,2,0,1,7,1456956898
three,2016,2,0,1,4,1456974761
two,2016,3,0,1,6,1457004771
three,2016,3,0,1,11,1457014205
one,2016,3,0,0,12,1457014386
two,2016,3,0,1,6,1457016813
two,2016,3,0,0,17,1457019807
three,2016,3,0,1,11,1457040400
one,2016,4,0,1,9,1457110622
two,2016,4,0,0,16,1457122684
one,2016,4,0,0,12,1457133254
four,2016,4,0,1,1,1457151025
three,2016,4,0,0,11,1457151432
four,2016,4,0,1,2,1457163375
three,2016,5,1,1,14,1457181571
one,2016,5,1,0,12,1457218953
two,2016,5,1,0,17,1457219036
four,2016,5,1,1,2,1457227286
two,2016,5,1,0,6,1457227882
one,2016,5,1,1,12,1457237595
two,2016,5,1,1,8,1457238826
two,2016,5,1,1,16,1457247864
one,2016,6,1,1,12,1457279487
three,2016,6,1,1,3,1457286591
four,2016,6,1,0,10,1457287734
two,2016,6,1,1,17,1457290867
two,2016,6,1,0,17,1457294896
three,2016,6,1,0,3,1457303578
three,2016,6,1,0,11,1457311769
two,2016,6,1,0,13,1457325333
four,2016,6,1,0,10,1457327990
two,2016,6,1,0,8,1457329922
two,2016,6,1,0,6,1457332199
four,2016,6,1,0,10,1457337276
one,2016,7,0,1,7,1457349151
two,2016,7,0,0,17,1457358341
two,2016,7,0,1,5,1457407685
two,2016,8,0,1,17,1457429673
three,2016,8,0,1,4,1457432698
two,2016,8,0,0,17,1457452940
two,2016,8,0,1,5,1457461691
four,2016,8,0,1,10,1457472883
two,2016,8,0,1,8,1457476210
three,2016,8,0,1,14,1457480482
two,2016,8,0,1,6,1457484791
three,2016,8,0,0,11,1457504644
three,2016,9,0,0,14,1457512371
four,2016,9,0,1,1,1457513033
one,2016,9,0,0,12,1457516530
two,2016,9,0,1,13,1457522477
two,2016,9,0,1,5,1457524212
two,2016,9,0,1,6,1457530654
three,2016,9,0,0,3,1457538177
one,2016,9,0,1,12,1457556027
three,2016,9,0,1,14,1457566000
three,2016,9,0,0,3,1457567562
four,2016,9,0,1,10,1457568170
three,2016,9,0,1,4,1457587931
two,2016,10,0,0,6,1457599714
three,2016,10,0,1,3,1457607143
three,2016,10,0,0,3,1457608888
four,2016,10,0,1,1,1457609286
four,2016,10,0,1,15,1457664423
two,2016,11,0,0,13,1457690076
two,2016,11,0,1,13,1457713147
four,2016,11,0,0,1,1457717970
one,2016,11,0,0,12,1457733009
two,2016,11,0,1,13,1457743660
four,2016,11,0,1,2,1457758010
three,2016,11,0,1,11,1457762213
two,2016,12,1,1,5,1457783487
two,2016,12,1,0,8,1457826707
three,2016,12,1,0,14,1457832583
two,2016,12,1,0,13,1457832715
three,2016,12,1,1,4,1457841460
three,2016,12,1,1,3,1457854151
one,2016,13,1,0,7,1457886523
three,2016,13,1,1,3,1457904288
two,2016,13,1,1,6,1457911291
four,2016,13,1,1,15,1457915859
one,2016,13,1,1,9,1457918386
four,2016,13,1,1,10,1457920253
one,2016,13,1,0,9,1457920848
three,2016,14,0,0,4,1457956495
two,2016,14,0,0,16,1457965605
three,2016,14,0,0,11,1457994164
two,2016,14,0,1,5,1458003476
two,2016,14,0,0,6,1458003865
three,2016,14,0,0,3,1458006766
one,2016,15,0,1,9,1458028954
three,2016,15,0,1,4,1458029558
two,2016,15,0,1,13,1458029993
one,2016,15,0,0,9,1458037350
one,2016,15,0,1,12,1458045257
one,2016,15,0,1,12,1458049983
four,2016,15,0,0,1,1458055835
three,2016,15,0,0,3,1458056378
two,2016,15,0,1,8,1458063313
three,2016,15,0,0,3,1458063929
three,2016,15,0,1,3,1458066063
two,2016,15,0,1,13,1458083806
four,2016,15,0,1,10,1458109311
three,2016,15,0,1,14,1458110167
four,2016,16,0,1,1,1458121883
two,2016,16,0,1,5,1458128574
three,2016,16,0,0,3,1458159735
two,2016,16,0,1,17,1458172797
three,2016,16,0,1,4,1458174493
two,2016,16,0,1,13,1458175254
three,2016,16,0,1,14,1458176983
one,2016,16,0,1,9,1458177480
two,2016,16,0,1,5,1458184578
three,2016,17,0,0,14,1458212603
two,2016,17,0,1,8,1458213693
two,2016,17,0,0,6,1458265385
four,2016,17,0,0,2,1458267540
two,2016,18,0,1,5,1458305264
four,2016,18,0,1,10,1458322735
two,2016,18,0,1,8,1458323592
two,2016,18,0,1,6,1458339157
four,2016,18,0,0,15,1458343934
two,2016,18,0,1,8,1458359230
three,2016,18,0,1,3,1458362372
two,2016,18,0,1,8,1458370732
two,2016,19,1,0,5,1458376931
three,2016,19,1,1,14,1458384741
four,2016,19,1,1,1,1458399529
two,2016,19,1,0,6,1458409954
four,2016,19,1,1,15,1458410483
three,2016,19,1,0,11,1458416047
two,2016,19,1,0,5,1458426956
two,2016,19,1,0,16,1458439007
one,2016,19,1,1,7,1458444250
four,2016,20,1,0,15,1458460369
one,2016,20,1,0,12,1458475592
four,2016,20,1,0,2,1458486619
four,2016,20,1,1,2,1458496019
four,2016,20,1,0,15,1458499803
two,2016,20,1,1,13,1458520875
two,2016,20,1,0,8,1458529248
three,2016,20,1,1,4,1458531931
four,2016,21,0,1,2,1458547347
four,2016,21,0,1,10,1458564424
three,2016,21,0,1,4,1458564724
two,2016,21,0,0,5,1458566491
two,2016,21,0,1,6,1458574224
two,2016,21,0,1,6,1458580291
three,2016,21,0,1,4,1458593583
four,2016,22,0,1,1,1458650648
two,2016,22,0,1,6,1458665817
two,2016,22,0,1,8,1458680034
two,2016,22,0,1,17,1458689882
two,2016,22,0,1,16,1458706505
three,2016,23,0,1,3,1458719555
four,2016,23,0,1,15,1458725520
two,2016,23,0,1,5,1458725891
three,2016,23,0,1,4,1458790962
four,2016,23,0,1,2,1458799737
four,2016,23,0,1,2,1458801913
two,2016,24,0,0,13,1458809804
one,2016,24,0,0,9,1458812460
three,2016,24,0,1,3,1458812826
four,2016,24,0,0,1,1458871468
one,2016,25,0,0,9,1458891326
two,2016,25,0,1,16,1458929552
four,2016,25,0,1,15,1458929816
three,2016,25,0,1,4,1458932207
two,2016,25,0,0,8,1458932932
three,2016,25,0,1,3,1458940138
two,2016,25,0,1,6,1458948420
three,2016,26,1,1,3,1458978410
four,2016,26,1,0,1,1458992009
two,2016,26,1,0,17,1459010261
two,2016,26,1,0,8,1459021116
one,2016,26,1,0,7,1459034944
three,2016,26,1,1,11,1459053793
four,2016,26,1,0,2,1459055831
four,2016,27,1,0,1,1459065051
four,2016,27,1,1,1,1459068250
two,2016,27,1,0,8,1459075764
four,2016,27,1,0,2,1459079515
two,2016,27,1,1,6,1459083149
two,2016,27,1,0,13,1459085729
two,2016,27,1,0,5,1459106004
two,2016,27,1,1,6,1459109313
four,2016,27,1,1,2,1459131385
two,2016,27,1,1,13,1459141973
four,2016,28,0,0,15,1459169024
four,2016,28,0,1,2,1459178522
four,2016,28,0,0,10,1459178693
two,2016,28,0,0,16,1459214391
two,2016,28,0,1,13,1459233832
two,2016,29,0,1,5,1459251306
four,2016,29,0,0,15,1459253366
two,2016,29,0,0,8,1459256800
two,2016,29,0,1,5,1459263624
four,2016,29,0,0,1,1459263824
two,2016,29,0,1,17,1459265993
four,2016,29,0,1,10,1459266997
two,2016,29,0,0,17,1459302674
three,2016,29,0,0,4,1459316469
three,2016,30,0,1,11,1459347207
two,2016,30,0,1,6,1459387995
two,2016,30,0,1,8,1459393894
two,2016,31,0,0,17,1459434279
one,2016,31,0,0,9,1459444853
two,2016,31,0,1,17,1459448474
three,2016,31,0,0,3,1459450246
one,2016,31,0,1,9,1459463760
three,2016,31,0,0,11,1459486854
four,2016,31,0,1,15,1459488733
three,2016,31,0,1,3,1459488907
one,2016,31,0,1,7,1459489011
three,2016,1,0,1,14,1459541770
three,2016,1,0,0,4,1459545613
two,2016,1,0,1,8,1459551720
two,2016,1,0,0,16,1459573229
two,2016,1,0,1,5,1459574150
two,2016,2,1,1,6,1459583989
two,2016,2,1,0,5,1459590959
two,2016,2,1,0,13,1459624918
three,2016,2,1,0,3,1459637002
two,2016,3,1,0,16,1459673390
two,2016,3,1,0,5,1459698166
two,2016,3,1,1,8,1459704457
one,2016,3,1,1,9,1459707553
two,2016,3,1,1,5,1459725521
two,2016,3,1,1,17,1459727578
three,2016,3,1,0,3,1459735661
one,2016,4,0,1,12,1459758238
two,2016,4,0,1,6,1459762621
two,2016,4,0,1,6,1459769507
two,2016,4,0,0,17,1459797902
three,2016,4,0,0,4,1459819968
three,2016,5,0,1,3,1459844524
four,2016,5,0,1,15,1459863980
two,2016,5,0,0,5,1459872719
three,2016,5,0,0,3,1459877197
one,2016,5,0,0,9,1459879198
two,2016,5,0,0,13,1459886075
four,2016,5,0,0,10,1459901924
three,2016,5,0,0,3,1459903191
four,2016,5,0,1,15,1459917149
two,2016,6,0,0,13,1459933641
two,2016,6,0,0,16,1459935909
three,2016,6,0,0,11,1459938812
four,2016,6,0,0,10,1459947601
two,2016,6,0,0,6,1459957933
one,2016,6,0,1,12,1459959371
four,2016,6,0,0,15,1459977592
two,2016,6,0,1,17,1459983397
three,2016,6,0,0,4,1459999749
three,2016,6,0,1,4,1460005688
three,2016,7,0,1,14,1460019099
two,2016,7,0,0,17,1460033766
three,2016,7,0,1,11,1460045936
two,2016,7,0,1,8,1460068257
one,2016,7,0,0,9,1460079242
three,2016,7,0,0,3,1460086755
two,2016,7,0,0,16,1460098336
two,2016,8,0,0,8,1460100223
two,2016,8,0,1,8,1460104855
three,2016,8,0,0,3,1460107831
two,2016,8,0,1,17,1460109484
two,2016,8,0,1,6,1460122779
two,2016,8,0,0,17,1460123531
one,2016,8,0,1,12,1460134017
one,2016,8,0,0,7,1460136078
four,2016,8,0,0,2,1460137879
three,2016,8,0,0,11,1460137994
one,2016,8,0,0,7,1460147786
four,2016,8,0,0,1,1460173634
four,2016,8,0,1,15,1460176979
four,2016,9,1,1,2,1460185301
two,2016,9,1,1,6,1460191497
two,2016,9,1,1,17,1460195220
four,2016,9,1,1,2,1460199963
four,2016,9,1,1,10,1460202944
four,2016,9,1,0,1,1460206959
three,2016,9,1,0,11,1460221618
four,2016,9,1,0,10,1460225402
two,2016,9,1,1,6,1460226237
three,2016,9,1,0,4,1460230624
two,2016,9,1,0,13,1460244103
three,2016,9,1,1,3,1460250900
two,2016,9,1,1,8,1460254262
two,2016,9,1,0,13,1460258069
two,2016,9,1,0,17,1460261777
three,2016,9,1,0,11,1460264256
two,2016,9,1,0,6,1460268393
four,2016,10,1,0,15,1460302694
one,2016,10,1,1,9,1460321726
two,2016,10,1,1,5,1460348822
two,2016,11,0,1,16,1460358052
two,2016,11,0,1,5,1460362380
three,2016,11,0,0,11,1460366368
two,2016,11,0,1,16,1460380730
three,2016,11,0,0,4,1460389728
three,2016,11,0,0,4,1460395291
two,2016,11,0,0,6,1460396200
two,2016,11,0,1,16,1460398853
one,2016,11,0,1,12,1460407670
three,2016,11,0,0,11,1460413511
one,2016,11,0,1,12,1460431766
one,2016,11,0,1,12,1460443416
four,2016,12,0,0,1,1460451384
two,2016,12,0,1,13,1460457666
two,2016,12,0,0,17,1460464896
four,2016,12,0,0,15,1460489555
two,2016,12,0,1,8,1460521047
three,2016,12,0,0,3,1460529663
two,2016,13,0,1,6,1460557953
three,2016,13,0,1,4,1460566365
two,2016,13,0,1,8,1460566849
two,2016,13,0,0,16,1460589423
two,2016,13,0,0,13,1460610255
one,2016,14,0,0,12,1460621028
four,2016,14,0,0,2,1460626544
four,2016,14,0,0,1,1460635510
two,2016,14,0,0,5,1460635688
four,2016,14,0,1,15,1460664416
two,2016,14,0,0,6,1460676268
one,2016,14,0,0,12,1460687213
three,2016,14,0,0,14,1460699660
two,2016,15,0,0,8,1460704938
two,2016,15,0,1,13,1460724574
one,2016,15,0,0,9,1460761610
two,2016,15,0,0,13,1460773592
four,2016,15,0,0,15,1460780372
two,2016,15,0,0,6,1460784560
one,2016,16,1,0,7,1460794560
two,2016,16,1,0,8,1460814344
four,2016,16,1,1,1,1460816559
four,2016,16,1,1,2,1460817478
three,2016,16,1,0,14,1460835500
three,2016,16,1,1,4,1460856612
two,2016,16,1,1,5,1460873565
three,2016,17,1,0,11,1460911675
three,2016,17,1,1,11,1460916489
four,2016,17,1,1,1,1460917662
two,2016,17,1,0,17,1460921571
three,2016,18,0,1,14,1460969796
four,2016,18,0,0,10,1460975433
four,2016,18,0,1,1,1460979425
four,2016,18,0,0,1,1460982815
four,2016,18,0,0,10,1461018163
four,2016,18,0,1,2,1461021115
four,2016,18,0,0,2,1461021373
four,2016,18,0,0,1,1461037907
three,2016,18,0,1,14,1461039598
two,2016,18,0,1,5,1461048993
four,2016,19,0,1,2,1461069664
four,2016,19,0,0,1,1461079366
two,2016,19,0,0,5,1461086186
two,2016,19,0,0,5,1461111201
two,2016,19,0,1,13,1461120679
one,2016,19,0,0,9,1461129157
three,2016,20,0,0,4,1461136301
two,2016,20,0,1,8,1461138817
three,2016,20,0,0,14,1461141959
two,2016,20,0,1,8,1461158828
four,2016,20,0,1,2,1461167221
three,2016,20,0,0,3,1461184452
one,2016,20,0,0,7,1461194978
one,2016,21,0,1,7,1461246670
one,2016,21,0,0,9,1461261353
four,2016,21,0,0,1,1461261584
one,2016,21,0,0,12,1461270583
three,2016,21,0,0,11,1461297944
three,2016,22,0,1,11,1461316367
four,2016,22,0,0,15,1461343779
one,2016,22,0,0,12,1461373910
three,2016,22,0,0,3,1461386190
two,2016,23,1,0,13,1461399970
two,2016,23,1,0,8,1461400950
one,2016,23,1,0,7,1461407075
two,2016,23,1,0,8,1461433080
one,2016,23,1,1,12,1461446343
two,2016,23,1,0,13,1461466375
two,2016,24,1,0,17,1461485561
two,2016,24,1,0,13,1461487050
one,2016,24,1,0,7,1461506092
four,2016,24,1,1,15,1461511469
four,2016,24,1,1,2,1461531311
two,2016,24,1,1,17,1461540929
four,2016,24,1,0,10,1461549264
four,2016,24,1,1,1,1461563375
three,2016,25,0,1,14,1461596191
three,2016,25,0,0,4,1461601615
three,2016,25,0,0,4,1461602559
two,2016,25,0,0,5,1461604018
four,2016,25,0,0,10,1461610447
three,2016,25,0,1,3,1461623032
two,2016,25,0,0,17,1461636452
one,2016,25,0,0,9,1461643021
two,2016,25,0,1,5,1461653498
two,2016,26,0,0,6,1461660103
four,2016,26,0,1,1,1461661631
four,2016,26,0,0,15,1461669769
one,2016,26,0,1,9,1461674101
three,2016,26,0,1,11,1461702442
four,2016,26,0,0,10,1461734323
two,2016,26,0,1,5,1461735994
three,2016,27,0,1,11,1461749574
four,2016,27,0,0,15,1461751902
two,2016,27,0,1,8,1461763762
one,2016,27,0,1,9,1461798481
four,2016,27,0,1,1,1461799586
three,2016,27,0,1,11,1461813948
one,2016,27,0,1,7,1461816340
one,2016,27,0,0,12,1461817331
four,2016,28,0,0,2,1461827291
four,2016,28,0,0,2,1461843706
two,2016,28,0,1,13,1461844643
four,2016,28,0,0,2,1461853600
three,2016,28,0,1,4,1461854555
four,2016,28,0,1,1,1461872318
one,2016,28,0,1,12,1461881315
one,2016,28,0,1,12,1461912909
two,2016,29,0,0,13,1461927062
three,2016,29,0,1,4,1461944330
one,2016,29,0,0,12,1461945175
four,2016,29,0,0,10,1461961257
one,2016,29,0,0,7,1461981666
four,2016,29,0,1,2,1461989691
two,2016,29,0,1,16,1461991988
one,2016,29,0,1,12,1461994200
three,2016,29,0,0,3,1461996420
four,2016,29,0,0,1,1461998382
three,2016,30,1,1,11,1462018185
four,2016,30,1,0,2,1462024240
four,2016,30,1,1,15,1462035832
four,2016,30,1,0,15,1462051489
one,2016,30,1,1,12,1462055671
two,2016,30,1,1,5,1462072687
three,2016,30,1,1,4,1462083004
one,2016,1,1,0,12,1462086847
three,2016,1,1,1,14,1462087612
two,2016,1,1,0,17,1462092821
two,2016,1,1,1,6,1462100379
two,2016,1,1,1,6,1462108105
two,2016,1,1,1,5,1462127415
one,2016,1,1,0,9,1462145941
three,2016,1,1,1,11,1462163640
two,2016,1,1,0,16,1462164258
two,2016,1,1,1,5,1462166086
two,2016,2,0,1,13,1462174472
one,2016,2,0,1,12,1462193471
four,2016,2,0,0,1,1462222662
three,2016,2,0,0,14,1462226320
three,2016,2,0,0,3,1462240202
three,2016,2,0,1,11,1462241760
four,2016,2,0,1,1,1462244383
one,2016,2,0,0,7,1462244663
one,2016,2,0,0,9,1462246102
four,2016,2,0,1,1,1462253035
one,2016,3,0,1,12,1462264185
four,2016,3,0,0,10,1462275592
four,2016,3,0,0,10,1462302008
two,2016,3,0,1,5,1462305013
four,2016,3,0,1,1,1462308045
two,2016,3,0,1,6,1462308845
two,2016,3,0,0,8,1462319556
two,2016,3,0,1,16,1462322977
two,2016,4,0,1,13,1462347264
three,2016,4,0,0,3,1462383721
three,2016,4,0,1,14,1462391577
two,2016,4,0,0,16,1462391671
two,2016,4,0,1,5,1462401200
four,2016,4,0,0,15,1462410086
four,2016,4,0,1,1,1462415601
two,2016,4,0,0,13,1462420358
two,2016,4,0,1,8,1462422908
one,2016,5,0,0,12,1462446359
two,2016,5,0,0,8,1462447575
two,2016,5,0,1,6,1462496659
three,2016,5,0,0,4,1462502924
two,2016,5,0,0,8,1462509107
one,2016,6,0,1,12,1462521252
four,2016,6,0,1,15,1462526572
four,2016,6,0,1,1,1462532513
two,2016,6,0,0,8,1462540710
two,2016,6,0,1,8,1462544961
two,2016,6,0,1,16,1462566414
four,2016,6,0,0,1,1462575773
one,2016,6,0,1,7,1462586956
one,2016,7,1,0,12,1462618609
three,2016,7,1,0,11,1462621884
four,2016,7,1,1,10,1462631200
two,2016,7,1,1,16,1462648022
two,2016,7,1,0,13,1462654250
two,2016,7,1,0,17,1462673983
three,2016,8,1,1,3,1462693874
four,2016,8,1,1,2,1462707703
one,2016,8,1,0,9,1462710779
one,2016,8,1,0,7,1462718199
two,2016,8,1,1,17,1462718305
four,2016,8,1,1,1,1462729612
three,2016,8,1,1,11,1462740298
four,2016,8,1,1,2,1462744756
two,2016,8,1,1,8,1462753274
one,2016,8,1,1,9,1462757586
three,2016,8,1,1,14,1462761053
one,2016,8,1,0,9,1462762121
two,2016,8,1,0,13,1462772858
one,2016,9,0,0,7,1462779576
two,2016,9,0,0,8,1462783194
one,2016,9,0,0,9,1462784222
three,2016,9,0,0,3,1462787012
four,2016,9,0,0,2,1462789533
two,2016,9,0,1,6,1462800618
two,2016,9,0,0,16,1462803175
two,2016,9,0,1,5,1462835920
four,2016,9,0,0,2,1462837795
three,2016,9,0,0,4,1462853908
two,2016,9,0,1,6,1462859751
three,2016,10,0,0,4,1462871706
three,2016,10,0,1,3,1462902285
four,2016,10,0,1,1,1462906364
one,2016,10,0,1,7,1462911708
one,2016,10,0,1,12,1462914471
two,2016,10,0,0,16,1462922228
three,2016,10,0,0,11,1462925820
one,2016,10,0,1,12,1462932908
one,2016,10,0,0,7,1462938942
four,2016,11,0,0,2,1462952107
two,2016,11,0,1,5,1462981372
three,2016,11,0,1,11,1462983195
two,2016,11,0,1,8,1462997647
three,2016,11,0,0,11,1463024092
one,2016,12,0,0,9,1463037471
four,2016,12,0,1,2,1463049048
three,2016,12,0,1,11,1463061248
two,2016,12,0,1,16,1463074983
two,2016,12,0,1,8,1463080327
three,2016,12,0,0,3,1463090573
three,2016,12,0,1,3,1463096053
one,2016,12,0,1,12,1463119321
one,2016,13,0,0,12,1463125385
two,2016,13,0,0,6,1463143540
four,2016,13,0,1,2,1463153269
one,2016,13,0,1,9,1463171747
three,2016,13,0,0,11,1463172647
one,2016,13,0,0,7,1463185155
two,2016,13,0,0,13,1463193561
one,2016,13,0,1,12,1463201414
three,2016,14,1,1,3,1463216034
one,2016,14,1,1,9,1463220090
three,2016,14,1,1,4,1463233746
four,2016,14,1,0,1,1463235076
two,2016,14,1,1,8,1463235430
three,2016,14,1,1,4,1463247278
one,2016,14,1,0,12,1463251046
one,2016,14,1,0,9,1463275430
one,2016,14,1,1,7,1463280436
three,2016,15,1,0,14,1463299478
three,2016,15,1,0,11,1463327796
four,2016,15,1,0,10,1463333397
four,2016,15,1,1,1,1463335168
one,2016,15,1,1,9,1463367738
two,2016,15,1,1,8,1463378676
two,2016,16,0,0,13,1463383968
three,2016,16,0,1,11,1463398717
four,2016,16,0,1,10,1463399416
two,2016,16,0,1,13,1463403726
four,2016,16,0,1,2,1463421685
two,2016,16,0,0,17,1463433232
four,2016,16,0,0,10,1463433706
three,2016,16,0,1,11,1463457591
one,2016,16,0,1,7,1463462845
two,2016,17,0,0,6,1463472543
three,2016,17,0,1,4,1463474169
three,2016,17,0,1,11,1463493139
two,2016,17,0,1,13,1463500845
two,2016,17,0,0,13,1463501435
four,2016,17,0,0,15,1463526745
four,2016,17,0,1,10,1463552015
one,2016,18,0,0,9,1463563173
four,2016,18,0,0,2,1463570687
four,2016,18,0,1,1,1463594124
two,2016,18,0,1,8,1463621019
three,2016,18,0,0,11,1463637865
one,2016,19,0,0,9,1463681573
four,2016,19,0,1,1,1463692302
four,2016,19,0,0,2,1463694365
two,2016,19,0,0,17,1463708265
one,2016,19,0,1,12,1463713252
two,2016,21,1,0,8,1463814893
two,2016,21,1,0,16,1463832383
four,2016,21,1,1,2,1463834334
four,2016,21,1,1,2,1463843475
four,2016,21,1,0,10,1463845417
two,2016,21,1,0,8,1463848002
three,2016,21,1,1,3,1463870513
four,2016,21,1,0,15,1463879138
one,2016,21,1,1,9,1463892149
two,2016,21,1,1,6,1463899838
three,2016,22,1,1,11,1463914766
four,2016,22,1,0,1,1463918402
one,2016,22,1,0,12,1463926122
two,2016,22,1,1,13,1463927607
one,2016,22,1,1,12,1463932092
three,2016,22,1,1,3,1463936008
three,2016,22,1,0,14,1463938479
four,2016,22,1,0,15,1463939807
two,2016,22,1,0,5,1463941960
three,2016,22,1,0,14,1463946652
three,2016,22,1,1,4,1463953049
one,2016,22,1,0,12,1463966802
two,2016,22,1,0,13,1463978761
two,2016,23,0,1,8,1463986879
three,2016,23,0,0,14,1464007135
one,2016,23,0,1,7,1464033987
two,2016,23,0,0,8,1464042092
three,2016,23,0,1,4,1464062114
two,2016,24,0,0,5,1464077041
four,2016,24,0,1,1,1464077432
three,2016,24,0,1,11,1464077827
one,2016,24,0,1,7,1464084774
three,2016,24,0,1,11,1464091306
three,2016,24,0,1,4,1464109321
two,2016,24,0,0,8,1464129960
two,2016,24,0,0,5,1464132225
three,2016,24,0,1,14,1464143150
two,2016,24,0,0,6,1464145680
one,2016,24,0,0,7,1464146298
four,2016,24,0,0,15,1464159104
three,2016,25,0,0,14,1464163271
four,2016,25,0,1,10,1464174348
four,2016,25,0,1,10,1464178555
two,2016,25,0,1,5,1464186541
two,2016,25,0,0,17,1464208698
four,2016,25,0,0,15,1464211396
two,2016,25,0,1,6,1464212241
two,2016,25,0,1,8,1464217449
four,2016,26,0,0,10,1464248741
two,2016,26,0,0,13,1464264306
four,2016,26,0,0,15,1464267208
two,2016,26,0,1,6,1464267522
three,2016,26,0,0,4,1464294744
three,2016,26,0,0,3,1464305301
three,2016,26,0,1,11,1464305612
four,2016,26,0,1,2,1464306408
two,2016,26,0,1,17,1464320026
three,2016,26,0,0,11,1464328147
one,2016,27,0,1,9,1464333146
two,2016,27,0,0,17,1464384389
one,2016,27,0,0,12,1464406259
one,2016,27,0,0,12,1464406768
two,2016,28,1,0,17,1464423327
one,2016,28,1,0,7,1464424630
two,2016,28,1,0,8,1464455339
two,2016,28,1,0,17,1464470453
three,2016,28,1,1,4,1464477000
three,2016,28,1,0,11,1464490252
four,2016,29,1,0,2,1464514109
one,2016,29,1,1,7,1464515437
two,2016,29,1,0,5,1464532984
one,2016,29,1,1,7,1464538005
two,2016,29,1,0,8,1464542330
three,2016,29,1,0,3,1464543369
one,2016,29,1,1,12,1464548826
three,2016,29,1,0,14,1464554919
one,2016,29,1,0,12,1464565493
four,2016,29,1,0,1,1464573907
two,2016,29,1,0,6,1464586669
two,2016,29,1,1,8,1464587957
two,2016,30,0,0,8,1464622589
one,2016,30,0,1,7,1464625913
four,2016,30,0,0,10,1464628261
three,2016,30,0,1,4,1464649896
one,2016,30,0,0,12,1464655747
four,2016,30,0,1,15,1464663130
one,2016,31,0,1,12,1464689306
one,2016,31,0,0,7,1464689941
two,2016,31,0,0,17,1464696772
three,2016,31,0,1,4,1464699907
two,2016,31,0,0,8,1464719070
two,2016,31,0,1,8,1464734712
two,2016,31,0,1,16,1464741060
three,2016,1,0,0,4,1464766128
three,2016,1,0,0,14,1464785300
two,2016,1,0,1,8,1464800557
four,2016,1,0,0,10,1464801438
one,2016,1,0,0,7,1464809184
two,2016,1,0,1,17,1464814032
one,2016,1,0,0,7,1464817972
four,2016,1,0,1,15,1464831092
two,2016,2,0,1,17,1464879572
two,2016,2,0,1,13,1464902993
three,2016,2,0,0,14,1464911440
three,2016,3,0,1,11,1464946285
four,2016,3,0,1,1,1464960162
one,2016,3,0,1,12,1464980712
two,2016,3,0,0,5,1464988970
three,2016,3,0,0,3,1465011967
two,2016,3,0,0,16,1465012462
three,2016,3,0,0,14,1465013804
two,2016,3,0,0,16,1465015812
three,2016,3,0,1,14,1465023190
three,2016,4,1,1,14,1465029080
two,2016,4,1,0,16,1465079948
one,2016,4,1,0,7,1465100243
one,2016,4,1,1,12,1465105665
four,2016,5,1,0,2,1465112834
two,2016,5,1,1,16,1465117549
four,2016,5,1,1,10,1465120321
two,2016,5,1,1,6,1465136803
one,2016,5,1,1,7,1465137347
four,2016,5,1,0,1,1465137556
two,2016,5,1,1,8,1465154928
three,2016,5,1,1,3,1465160990
three,2016,5,1,0,14,1465165928
four,2016,5,1,1,2,1465170158
two,2016,5,1,0,6,1465182904
four,2016,5,1,0,2,1465188480
two,2016,5,1,1,6,1465192295
four,2016,6,0,1,10,1465199237
four,2016,6,0,0,1,1465207969
four,2016,6,0,0,2,1465209024
four,2016,6,0,0,1,1465209070
two,2016,6,0,1,16,1465235372
two,2016,6,0,0,8,1465253585
two,2016,6,0,1,6,1465259933
four,2016,6,0,0,10,1465260881
four,2016,6,0,1,15,1465275610
two,2016,6,0,1,8,1465278981
two,2016,7,0,1,17,1465286536
three,2016,7,0,0,11,1465312424
four,2016,7,0,0,1,1465318477
one,2016,7,0,0,7,1465328406
three,2016,7,0,0,11,1465338168
three,2016,7,0,0,4,1465338292
two,2016,7,0,1,16,1465339118
four,2016,7,0,0,2,1465341634
four,2016,7,0,0,10,1465345653
three,2016,7,0,1,4,1465355507
two,2016,7,0,1,6,1465364791
four,2016,8,0,0,1,1465374670
two,2016,8,0,0,17,1465412213
three,2016,8,0,1,11,1465412392
three,2016,8,0,1,3,1465421977
three,2016,8,0,0,4,1465425125
three,2016,8,0,0,4,1465430764
three,2016,8,0,0,4,1465441537
four,2016,8,0,1,15,1465444406
two,2016,9,0,0,8,1465459327
four,2016,9,0,0,1,1465459881
three,2016,9,0,0,11,1465462060
two,2016,9,0,0,16,1465478524
four,2016,9,0,0,1,1465489369
four,2016,9,0,0,1,1465514697
one,2016,9,0,0,12,1465526292
four,2016,10,0,0,10,1465561178
three,2016,10,0,0,3,1465563125
two,2016,10,0,1,6,1465568609
one,2016,10,0,1,9,1465574557
three,2016,10,0,0,11,1465596464
two,2016,10,0,0,17,1465611624
two,2016,10,0,1,8,1465618053
four,2016,10,0,1,1,1465618926
two,2016,11,1,1,16,1465630466
two,2016,11,1,0,17,1465632600
two,2016,11,1,0,17,1465648094
one,2016,11,1,1,7,1465664011
three,2016,11,1,1,3,1465672725
four,2016,11,1,0,2,1465702097
two,2016,11,1,0,16,1465703316
two,2016,12,1,1,17,1465727366
three,2016,12,1,1,11,1465743075
three,2016,12,1,1,14,1465754835
three,2016,12,1,1,14,1465756939
three,2016,12,1,0,4,1465785420
four,2016,13,0,1,15,1465864866
four,2016,13,0,0,1,1465874472
two,2016,13,0,0,5,1465877336
three,2016,14,0,0,4,1465888972
three,2016,14,0,1,3,1465897367
four,2016,14,0,1,2,1465900743
three,2016,14,0,1,3,1465938389
two,2016,14,0,1,5,1465961482
one,2016,14,0,0,9,1465963202
four,2016,15,0,1,10,1465995788
one,2016,15,0,0,7,1466012302
four,2016,15,0,0,15,1466033889
three,2016,15,0,1,14,1466034747
two,2016,15,0,0,8,1466045592
two,2016,15,0,1,17,1466049107
one,2016,16,0,1,7,1466061742
two,2016,16,0,0,5,1466069208
three,2016,16,0,0,11,1466083484
one,2016,16,0,1,9,1466083537
four,2016,16,0,0,2,1466083560
two,2016,16,0,1,5,1466095560
one,2016,16,0,0,9,1466120007
two,2016,16,0,1,13,1466129313
four,2016,17,0,1,1,1466154373
four,2016,17,0,1,1,1466155270
two,2016,17,0,0,6,1466157762
two,2016,17,0,1,6,1466169515
four,2016,17,0,0,1,1466172559
two,2016,17,0,0,6,1466172703
four,2016,17,0,1,1,1466188039
one,2016,17,0,0,7,1466201333
two,2016,17,0,0,13,1466202275
four,2016,18,1,0,2,1466239228
two,2016,18,1,0,13,1466256901
three,2016,18,1,1,3,1466267533
three,2016,18,1,1,3,1466270229
one,2016,18,1,0,9,1466288784
three,2016,18,1,0,3,1466306866
one,2016,18,1,0,7,1466311234
two,2016,18,1,0,16,1466313782
three,2016,19,1,1,14,1466320371
one,2016,19,1,0,9,1466336027
three,2016,19,1,0,4,1466348906
two,2016,19,1,0,13,1466371054
one,2016,19,1,0,12,1466373029
four,2016,19,1,0,10,1466388723
three,2016,19,1,1,4,1466391564
two,2016,19,1,1,6,1466400897
one,2016,20,0,1,12,1466413809
one,2016,20,0,1,12,1466433055
three,2016,20,0,0,3,1466441422
three,2016,20,0,0,14,1466453171
three,2016,20,0,0,4,1466461009
two,2016,20,0,1,8,1466481324
four,2016,20,0,0,1,1466484783
two,2016,21,0,0,8,1466548847
one,2016,21,0,0,12,1466552811
one,2016,21,0,1,9,1466557684
three,2016,21,0,0,4,1466561254
three,2016,21,0,0,3,1466563659
two,2016,21,0,1,13,1466569298
three,2016,21,0,0,14,1466572289
two,2016,21,0,1,16,1466577040
two,2016,22,0,0,8,1466584993
three,2016,22,0,1,11,1466587041
one,2016,22,0,0,9,1466617477
two,2016,22,0,0,13,1466626852
two,2016,23,0,0,5,1466669678
three,2016,23,0,0,14,1466683700
two,2016,23,0,1,16,1466689480
three,2016,23,0,0,3,1466709105
one,2016,24,0,1,12,1466754825
four,2016,24,0,1,10,1466754947
four,2016,24,0,0,2,1466756341
two,2016,24,0,1,5,1466765237
four,2016,24,0,1,2,1466766135
one,2016,24,0,1,12,1466771514
four,2016,24,0,0,2,1466782982
four,2016,24,0,1,10,1466785323
four,2016,24,0,1,2,1466787932
three,2016,24,0,0,14,1466792959
four,2016,24,0,1,15,1466808408
four,2016,24,0,1,2,1466817035
one,2016,24,0,1,12,1466819742
three,2016,24,0,0,14,1466825661
four,2016,25,1,1,15,1466838001
four,2016,25,1,1,2,1466856662
one,2016,25,1,1,12,1466882425
two,2016,25,1,0,17,1466889913
two,2016,25,1,1,13,1466895378
four,2016,25,1,0,15,1466903663
four,2016,25,1,0,1,1466911745
three,2016,25,1,1,3,1466923719
one,2016,26,1,0,9,1466934679
two,2016,26,1,1,13,1466937886
four,2016,26,1,0,10,1466942494
two,2016,26,1,0,5,1466960242
two,2016,26,1,0,6,1466970342
four,2016,26,1,1,10,1466978581
one,2016,26,1,0,9,1466983076
three,2016,26,1,1,14,1466986240
three,2016,26,1,1,14,1466993593
four,2016,27,0,1,15,1467011160
two,2016,27,0,1,6,1467013990
two,2016,27,0,0,13,1467015966
two,2016,27,0,0,6,1467022851
two,2016,27,0,1,8,1467034081
two,2016,27,0,1,6,1467037022
three,2016,27,0,0,14,1467048387
four,2016,27,0,1,1,1467050366
three,2016,27,0,0,11,1467068361
three,2016,27,0,1,4,1467070034
two,2016,27,0,1,13,1467095460
four,2016,28,0,1,2,1467113074
one,2016,28,0,0,7,1467137764
four,2016,28,0,0,15,1467147342
two,2016,28,0,0,16,1467149276
one,2016,28,0,1,9,1467156400
one,2016,28,0,1,12,1467156817
two,2016,28,0,1,8,1467165801
four,2016,28,0,0,15,1467170534
four,2016,29,0,0,15,1467228728
three,2016,29,0,1,11,1467235604
two,2016,29,0,1,8,1467258200
four,2016,29,0,0,10,1467262757
two,2016,30,0,0,6,1467273789
one,2016,30,0,1,9,1467286259
three,2016,30,0,0,14,1467308157
one,2016,30,0,1,9,1467320765
four,2016,30,0,0,2,1467344544
two,2016,1,0,1,6,1467356893
two,2016,1,0,0,8,1467358817
two,2016,1,0,1,6,1467359880
one,2016,1,0,1,9,1467367247
three,2016,1,0,0,11,1467377180
one,2016,1,0,0,9,1467408626
two,2016,2,1,1,8,1467455493
one,2016,2,1,1,9,1467466689
two,2016,2,1,0,13,1467481384
three,2016,2,1,1,3,1467503772
one,2016,2,1,0,9,1467507001
three,2016,4,0,0,3,1467635367
three,2016,4,0,0,4,1467636047
three,2016,4,0,0,14,1467645435
two,2016,4,0,0,8,1467661684
two,2016,4,0,1,5,1467664188
three,2016,4,0,1,3,1467665146
four,2016,4,0,0,2,1467671335
two,2016,4,0,1,17,1467683345
one,2016,4,0,0,12,1467689311
two,2016,4,0,1,17,1467691212
two,2016,5,0,0,13,1467704616
two,2016,5,0,0,13,1467710701
one,2016,5,0,0,7,1467712467
three,2016,5,0,1,4,1467728536
two,2016,5,0,1,16,1467742463
two,2016,5,0,0,17,1467751654
two,2016,5,0,1,16,1467756410
two,2016,5,0,0,17,1467767277
four,2016,5,0,0,10,1467786739
four,2016,6,0,1,10,1467808179
two,2016,6,0,0,13,1467810376
two,2016,6,0,0,8,1467812867
two,2016,6,0,1,13,1467817182
four,2016,6,0,1,1,1467819509
two,2016,6,0,1,6,1467819754
one,2016,6,0,1,12,1467829952
four,2016,6,0,0,2,1467839683
four,2016,6,0,1,10,1467840023
four,2016,6,0,0,2,1467866037
two,2016,7,0,0,8,1467882145
three,2016,7,0,1,11,1467911410
four,2016,7,0,0,10,1467930670
two,2016,7,0,0,17,1467933146
two,2016,7,0,1,17,1467942391
two,2016,8,0,1,8,1467962784
four,2016,8,0,1,2,1467979284
two,2016,8,0,1,17,1467992284
two,2016,8,0,1,5,1467996548
two,2016,8,0,1,8,1468022795
three,2016,8,0,1,4,1468036756
two,2016,8,0,0,6,1468038050
three,2016,8,0,1,3,1468040454
one,2016,9,1,0,12,1468052992
one,2016,9,1,1,7,1468053570
two,2016,9,1,1,17,1468054459
one,2016,9,1,0,7,1468098702
four,2016,9,1,1,10,1468101500
four,2016,9,1,0,2,1468103590
one,2016,9,1,0,7,1468104384
four,2016,9,1,1,2,1468105383
two,2016,9,1,1,16,1468105785
four,2016,9,1,1,2,1468120303
one,2016,9,1,0,12,1468123312
four,2016,10,1,0,2,1468139829
two,2016,10,1,1,13,1468172742
four,2016,10,1,1,10,1468208305
two,2016,10,1,0,16,1468214939
four,2016,11,0,1,10,1468228223
two,2016,11,0,0,16,1468230275
two,2016,11,0,1,13,1468249955
one,2016,11,0,1,7,1468270845
four,2016,11,0,1,15,1468296469
four,2016,11,0,1,1,1468298157
four,2016,11,0,0,15,1468301706
one,2016,11,0,1,12,1468302897
four,2016,12,0,0,10,1468325761
two,2016,12,0,1,6,1468348252
three,2016,12,0,0,3,1468354315
two,2016,12,0,0,13,1468363965
three,2016,12,0,1,3,1468368368
three,2016,12,0,0,3,1468369253
two,2016,12,0,1,17,1468383509
two,2016,12,0,0,6,1468384986
two,2016,13,0,0,17,1468399206
four,2016,13,0,1,1,1468400103
two,2016,13,0,1,16,1468423748
three,2016,13,0,0,4,1468424228
two,2016,13,0,1,8,1468443907
two,2016,13,0,0,5,1468444506
four,2016,13,0,1,15,1468451406
three,2016,13,0,0,4,1468453467
three,2016,14,0,1,11,1468484578
two,2016,14,0,1,6,1468491495
two,2016,14,0,1,6,1468497186
four,2016,14,0,0,15,1468503273
two,2016,14,0,0,6,1468504927
three,2016,14,0,0,11,1468507493
three,2016,14,0,1,3,1468513196
two,2016,14,0,1,13,1468543416
two,2016,15,0,1,17,1468605511
two,2016,15,0,1,17,1468621146
one,2016,15,0,1,12,1468622744
two,2016,15,0,0,6,1468623527
three,2016,15,0,0,11,1468628432
four,2016,15,0,0,10,1468634590
four,2016,15,0,1,2,1468645436
two,2016,15,0,1,17,1468649680
four,2016,16,1,1,1,1468661328
four,2016,16,1,1,15,1468669059
one,2016,16,1,1,9,1468669795
two,2016,16,1,0,5,1468681162
two,2016,16,1,1,5,1468683336
three,2016,17,1,1,3,1468740840
four,2016,17,1,0,10,1468758705
two,2016,17,1,0,16,1468760016
one,2016,17,1,1,7,1468786913
three,2016,17,1,1,11,1468820667
two,2016,17,1,1,6,1468824812
two,2016,18,0,1,17,1468834609
four,2016,18,0,1,2,1468838119
three,2016,18,0,1,14,1468842595
two,2016,18,0,1,16,1468857698
four,2016,18,0,0,2,1468869184
two,2016,18,0,1,17,1468881495
one,2016,19,0,0,9,1468941330
one,2016,19,0,0,7,1468943097
four,2016,19,0,1,1,1468958849
four,2016,19,0,1,1,1468976055
two,2016,19,0,0,6,1468995445
three,2016,19,0,1,11,1468996924
one,2016,20,0,1,9,1468998053
two,2016,20,0,1,5,1469000837
two,2016,20,0,1,8,1469002770
three,2016,20,0,0,3,1469005330
two,2016,20,0,1,13,1469011185
two,2016,20,0,0,17,1469027842
four,2016,20,0,0,2,1469028894
one,2016,20,0,1,7,1469039074
three,2016,20,0,1,3,1469047963
two,2016,20,0,0,13,1469054594
four,2016,20,0,0,1,1469061805
one,2016,20,0,1,12,1469077004
two,2016,20,0,1,5,1469080317
two,2016,21,0,1,5,1469086152
two,2016,21,0,1,17,1469090763
three,2016,21,0,0,11,1469094656
four,2016,21,0,0,15,1469101066
one,2016,21,0,0,9,1469108768
two,2016,21,0,1,6,1469118996
three,2016,21,0,1,14,1469128661
one,2016,21,0,1,7,1469135671
three,2016,21,0,0,14,1469135839
two,2016,21,0,1,6,1469137797
three,2016,22,0,0,3,1469192559
four,2016,22,0,0,2,1469194097
one,2016,22,0,1,9,1469200725
three,2016,22,0,1,3,1469223294
three,2016,22,0,0,4,1469227517
two,2016,22,0,0,8,1469227558
four,2016,22,0,0,1,1469229024
two,2016,22,0,1,5,1469238806
four,2016,22,0,0,1,1469239684
three,2016,22,0,1,3,1469248780
three,2016,22,0,1,3,1469249064
one,2016,23,1,0,9,1469261596
three,2016,23,1,1,3,1469262519
four,2016,23,1,1,2,1469298823
two,2016,23,1,0,5,1469300556
four,2016,23,1,0,10,1469314353
three,2016,23,1,0,14,1469318254
two,2016,24,1,0,5,1469346081
four,2016,24,1,1,10,1469384832
three,2016,24,1,1,11,1469412314
two,2016,24,1,1,5,1469419980
three,2016,24,1,0,4,1469420568
one,2016,24,1,0,12,1469427229
one,2016,25,0,1,9,1469442246
one,2016,25,0,0,7,1469450125
one,2016,25,0,0,7,1469455875
four,2016,25,0,1,2,1469484064
four,2016,25,0,1,2,1469484095
three,2016,25,0,1,14,1469505773
three,2016,26,0,1,11,1469519637
four,2016,26,0,0,2,1469532956
three,2016,26,0,1,11,1469562096
four,2016,26,0,1,2,1469568301
four,2016,26,0,1,10,1469590839
three,2016,27,0,1,11,1469614587
one,2016,27,0,1,9,1469616439
two,2016,27,0,0,6,1469621797
two,2016,27,0,0,6,1469639903
three,2016,27,0,0,4,1469646371
three,2016,27,0,0,3,1469647616
three,2016,27,0,1,4,1469670482
four,2016,28,0,1,2,1469710933
four,2016,28,0,0,15,1469713537
three,2016,28,0,1,4,1469715510
two,2016,28,0,0,16,1469747225
three,2016,28,0,1,14,1469752062
two,2016,28,0,1,17,1469760010
three,2016,28,0,0,11,1469771791
four,2016,29,0,1,15,1469799703
two,2016,29,0,0,8,1469812832
four,2016,29,0,0,10,1469814104
four,2016,29,0,0,2,1469820780
four,2016,29,0,1,1,1469830054
two,2016,29,0,0,17,1469846038
four,2016,30,1,1,10,1469868748
three,2016,30,1,1,14,1469896392
two,2016,30,1,1,5,1469898963
two,2016,30,1,1,6,1469907941
two,2016,30,1,1,5,1469914559
four,2016,30,1,0,1,1469919572
one,2016,30,1,0,12,1469929848
two,2016,31,1,0,13,1469968731
two,2016,31,1,0,5,1469972850
two,2016,31,1,1,13,1469975910
four,2016,31,1,0,15,1469989687
four,2016,31,1,1,15,1469998167
four,2016,31,1,1,15,1470000058
four,2016,31,1,1,10,1470005453
three,2016,31,1,1,14,1470017928
two,2016,31,1,1,8,1470033638
four,2016,1,0,1,15,1470036009
three,2016,1,0,0,14,1470092323
one,2016,2,0,1,7,1470130066
four,2016,2,0,0,15,1470130418
one,2016,2,0,1,12,1470147890
two,2016,2,0,1,16,1470151157
four,2016,2,0,1,1,1470165593
four,2016,2,0,0,10,1470176496
two,2016,3,0,0,17,1470222952
one,2016,3,0,0,7,1470251718
four,2016,3,0,1,1,1470254647
two,2016,3,0,0,17,1470256340
one,2016,3,0,1,7,1470263058
two,2016,3,0,1,6,1470267238
one,2016,3,0,0,9,1470268017
two,2016,3,0,0,13,1470276847
three,2016,3,0,0,4,1470278259
four,2016,3,0,1,2,1470283536
four,2016,4,0,0,15,1470300294
four,2016,4,0,1,15,1470323441
one,2016,4,0,1,12,1470325827
three,2016,4,0,1,3,1470327635
four,2016,4,0,1,10,1470339145
three,2016,4,0,1,3,1470352302
four,2016,4,0,0,1,1470355725
two,2016,5,0,1,6,1470385393
two,2016,5,0,1,17,1470437355
four,2016,6,1,0,2,1470477726
two,2016,6,1,1,17,1470486947
four,2016,6,1,1,15,1470497454
one,2016,6,1,0,7,1470514386
three,2016,6,1,1,3,1470526703
two,2016,6,1,1,13,1470544997
one,2016,7,1,1,12,1470569025
one,2016,7,1,1,12,1470588021
two,2016,7,1,0,8,1470601106
two,2016,7,1,0,5,1470608507
one,2016,7,1,1,9,1470612595
two,2016,7,1,1,13,1470616524
four,2016,7,1,0,10,1470627875
three,2016,7,1,0,14,1470638761
two,2016,8,0,0,17,1470689747
four,2016,8,0,1,15,1470725306
three,2016,9,0,1,3,1470726641
one,2016,9,0,1,9,1470759500
three,2016,9,0,0,3,1470760768
three,2016,9,0,0,4,1470787430
two,2016,9,0,1,5,1470796229
four,2016,9,0,0,15,1470800326
one,2016,10,0,0,12,1470813489
two,2016,10,0,1,6,1470833380
one,2016,10,0,1,9,1470836731
three,2016,10,0,1,14,1470837980
three,2016,10,0,1,11,1470848886
two,2016,10,0,0,17,1470857864
four,2016,10,0,0,15,1470859065
three,2016,10,0,0,11,1470859712
three,2016,11,0,0,11,1470901831
two,2016,11,0,0,17,1470903469
three,2016,11,0,1,11,1470938897
two,2016,11,0,0,8,1470940485
one,2016,11,0,1,9,1470945580
one,2016,11,0,0,9,1470953803
four,2016,11,0,1,2,1470970410
four,2016,11,0,0,1,1470977194
two,2016,11,0,0,16,1470978224
two,2016,11,0,0,6,1470983730
four,2016,12,0,0,10,1470995561
two,2016,12,0,1,8,1471000174
two,2016,12,0,1,13,1471013276
three,2016,12,0,0,4,1471014352
one,2016,12,0,1,12,1471015606
three,2016,12,0,1,3,1471056409
three,2016,12,0,1,3,1471065072
three,2016,12,0,0,11,1471067388
four,2016,12,0,0,1,1471070800
one,2016,13,1,1,12,1471079904
three,2016,13,1,1,14,1471085025
three,2016,13,1,0,4,1471095222
four,2016,13,1,0,15,1471096010
two,2016,13,1,0,8,1471098503
four,2016,13,1,0,2,1471143095
one,2016,13,1,1,12,1471144814
three,2016,13,1,1,4,1471154171
four,2016,14,1,0,15,1471165442
one,2016,14,1,1,7,1471167497
one,2016,14,1,1,12,1471181112
one,2016,14,1,0,12,1471200493
four,2016,14,1,0,1,1471204808
two,2016,14,1,1,17,1471207607
one,2016,14,1,0,9,1471210023
three,2016,14,1,1,4,1471212591
two,2016,14,1,1,6,1471215231
three,2016,14,1,0,11,1471216564
one,2016,14,1,0,12,1471217937
two,2016,14,1,1,8,1471220008
three,2016,15,0,0,14,1471309731
three,2016,16,0,0,4,1471335851
two,2016,16,0,1,16,1471337266
three,2016,16,0,1,3,1471341331
one,2016,16,0,1,12,1471369070
one,2016,16,0,0,7,1471370675
two,2016,16,0,0,16,1471384599
two,2016,16,0,0,16,1471396044
four,2016,16,0,1,2,1471401386
two,2016,17,0,1,5,1471430445
three,2016,17,0,1,11,1471457534
two,2016,17,0,0,17,1471470189
two,2016,17,0,1,8,1471470317
two,2016,17,0,1,16,1471473505
one,2016,17,0,1,7,1471474895
four,2016,18,0,1,1,1471514340
three,2016,18,0,0,14,1471515787
three,2016,18,0,1,14,1471540882
one,2016,18,0,1,9,1471543703
two,2016,18,0,0,17,1471554739
one,2016,18,0,1,9,1471561910
three,2016,18,0,1,11,1471567236
three,2016,19,0,1,11,1471594252
three,2016,19,0,0,3,1471594590
four,2016,19,0,1,1,1471594618
two,2016,19,0,1,13,1471624148
two,2016,19,0,1,8,1471628799
one,2016,19,0,0,7,1471632653
two,2016,19,0,1,5,1471671998
two,2016,19,0,1,5,1471676212
two,2016,20,1,1,13,1471701780
two,2016,20,1,0,16,1471704953
two,2016,20,1,0,6,1471711828
one,2016,20,1,0,9,1471719733
one,2016,20,1,0,9,1471719947
two,2016,20,1,1,16,1471721491
four,2016,20,1,0,1,1471732436
two,2016,20,1,1,6,1471734887
two,2016,20,1,1,6,1471735979
three,2016,21,1,1,14,1471770385
one,2016,21,1,1,9,1471791345
three,2016,21,1,0,4,1471814245
one,2016,21,1,1,9,1471845796
four,2016,21,1,0,15,1471847628
four,2016,22,0,1,15,1471855163
four,2016,22,0,0,1,1471858844
four,2016,22,0,0,1,1471870774
four,2016,22,0,1,1,1471872334
two,2016,22,0,0,5,1471880165
two,2016,22,0,1,16,1471886052
two,2016,22,0,0,16,1471910818
two,2016,22,0,0,13,1471921662
four,2016,23,0,0,15,1471941121
four,2016,23,0,1,1,1471956399
one,2016,23,0,1,7,1471964185
four,2016,23,0,0,2,1471965274
four,2016,23,0,1,2,1471974668
four,2016,23,0,1,15,1471993249
four,2016,23,0,1,10,1472000674
four,2016,23,0,1,2,1472003478
two,2016,24,0,0,17,1472023376
one,2016,24,0,1,12,1472040061
three,2016,24,0,0,3,1472041228
three,2016,24,0,0,3,1472045031
four,2016,24,0,0,15,1472048961
three,2016,24,0,0,11,1472051851
three,2016,24,0,0,3,1472052533
two,2016,24,0,1,13,1472081340
one,2016,24,0,1,9,1472091940
two,2016,24,0,1,8,1472102223
two,2016,24,0,1,17,1472104818
four,2016,24,0,0,2,1472105204
two,2016,24,0,0,8,1472107738
four,2016,25,0,1,2,1472110406
four,2016,25,0,1,15,1472122482
four,2016,25,0,1,15,1472127518
four,2016,25,0,0,15,1472129317
four,2016,25,0,1,1,1472150737
two,2016,25,0,1,8,1472157541
four,2016,25,0,0,10,1472166138
four,2016,25,0,0,2,1472182757
two,2016,25,0,1,5,1472184992
two,2016,25,0,0,16,1472185046
four,2016,26,0,0,2,1472215041
four,2016,26,0,1,10,1472217649
four,2016,26,0,1,2,1472226181
three,2016,26,0,1,11,1472227076
one,2016,26,0,0,12,1472250535
two,2016,26,0,1,8,1472264029
four,2016,26,0,0,10,1472269576
two,2016,26,0,1,8,1472271852
two,2016,26,0,0,16,1472278769
three,2016,27,1,0,14,1472284006
four,2016,27,1,0,10,1472299443
two,2016,27,1,0,5,1472303566
three,2016,27,1,1,4,1472317670
three,2016,27,1,0,11,1472321488
two,2016,27,1,0,6,1472335148
two,2016,27,1,1,13,1472336882
two,2016,27,1,0,17,1472342054
four,2016,27,1,1,1,1472342469
two,2016,27,1,1,8,1472360084
two,2016,28,1,1,16,1472386178
four,2016,28,1,1,10,1472389357
four,2016,28,1,0,10,1472392985
four,2016,28,1,1,15,1472396650
one,2016,28,1,0,9,1472398779
three,2016,28,1,1,3,1472408193
three,2016,28,1,0,14,1472429536
four,2016,28,1,1,1,1472442755
one,2016,28,1,1,9,1472449566
two,2016,29,0,1,17,1472472559
four,2016,29,0,1,1,1472475249
three,2016,29,0,0,14,1472479251
two,2016,29,0,0,16,1472494273
two,2016,29,0,1,5,1472500164
two,2016,29,0,0,17,1472507325
one,2016,29,0,0,7,1472515353
three,2016,29,0,1,11,1472521267
two,2016,29,0,1,17,1472523033
two,2016,30,0,1,13,1472576543
one,2016,30,0,1,9,1472578483
two,2016,30,0,0,16,1472584397
four,2016,30,0,0,15,1472586476
one,2016,30,0,0,7,1472594878
four,2016,30,0,1,1,1472598992
two,2016,30,0,0,5,1472605997
three,2016,30,0,0,14,1472610510
two,2016,31,0,0,5,1472628359
two,2016,31,0,0,5,1472639305
two,2016,31,0,1,6,1472645718
two,2016,31,0,0,6,1472646863
two,2016,31,0,0,13,1472662503
four,2016,31,0,1,2,1472680607
four,2016,31,0,1,10,1472689447
four,2016,31,0,1,1,1472691517
three,2016,31,0,0,4,1472696945
three,2016,31,0,0,14,1472700641
two,2016,31,0,0,17,1472703155
three,2016,31,0,1,3,1472703457
four,2016,1,0,1,2,1472749820
one,2016,1,0,1,9,1472751754
two,2016,1,0,1,16,1472767787
two,2016,1,0,0,8,1472772419
two,2016,1,0,0,17,1472777444
three,2016,2,0,0,3,1472801405
one,2016,2,0,0,12,1472803702
three,2016,2,0,0,14,1472811553
two,2016,2,0,0,6,1472812368
three,2016,2,0,1,3,1472826689
three,2016,2,0,1,3,1472834531
one,2016,2,0,0,7,1472852887
one,2016,2,0,0,12,1472857326
two,2016,2,0,0,6,1472869440
four,2016,2,0,0,15,1472877724
one,2016,2,0,1,9,1472878543
three,2016,3,1,0,3,1472896846
four,2016,3,1,1,1,1472914894
two,2016,3,1,0,8,1472938020
three,2016,3,1,0,3,1472942367
four,2016,3,1,0,15,1472953766
three,2016,3,1,0,4,1472955848
four,2016,3,1,0,15,1472960991
four,2016,4,1,0,15,1472978147
four,2016,4,1,0,2,1472982315
two,2016,4,1,1,8,1472983730
one,2016,4,1,0,9,1472987206
four,2016,4,1,0,1,1472991248
one,2016,4,1,0,12,1472991451
two,2016,4,1,1,8,1473001732
two,2016,4,1,0,13,1473002040
two,2016,4,1,0,5,1473002491
one,2016,4,1,0,9,1473002645
two,2016,4,1,0,6,1473005790
two,2016,4,1,0,6,1473036248
four,2016,4,1,1,15,1473036313
two,2016,4,1,1,17,1473037777
three,2016,4,1,1,11,1473056542
two,2016,5,0,1,13,1473067040
three,2016,5,0,0,4,1473070773
three,2016,5,0,0,14,1473077542
four,2016,5,0,1,10,1473089559
three,2016,5,0,1,4,1473097036
two,2016,5,0,0,16,1473107103
two,2016,5,0,1,5,1473111458
three,2016,5,0,1,14,1473111608
two,2016,5,0,1,5,1473119565
one,2016,5,0,1,9,1473121875
three,2016,5,0,1,4,1473128025
two,2016,5,0,1,16,1473141618
three,2016,6,0,0,3,1473165902
three,2016,6,0,1,11,1473180216
two,2016,6,0,0,16,1473183466
three,2016,6,0,0,3,1473196138
four,2016,6,0,0,1,1473210719
two,2016,6,0,0,16,1473220057
one,2016,6,0,0,7,1473220188
two,2016,6,0,0,8,1473227365
one,2016,7,0,0,12,1473235905
four,2016,7,0,0,10,1473240355
four,2016,7,0,0,1,1473245117
one,2016,7,0,1,12,1473251074
three,2016,7,0,0,3,1473258653
two,2016,7,0,1,17,1473273468
three,2016,7,0,0,3,1473278142
four,2016,7,0,1,10,1473299977
two,2016,7,0,0,5,1473315364
three,2016,8,0,0,3,1473331824
three,2016,8,0,0,3,1473338094
two,2016,8,0,0,5,1473359618
three,2016,8,0,0,11,1473372215
two,2016,8,0,0,17,1473383566
two,2016,8,0,1,17,1473389292
one,2016,9,0,0,12,1473413698
one,2016,9,0,1,12,1473417936
four,2016,9,0,1,15,1473420676
two,2016,9,0,1,6,1473425084
one,2016,9,0,1,9,1473427879
two,2016,9,0,1,17,1473431482
one,2016,9,0,0,9,1473436213
two,2016,9,0,1,6,1473456699
four,2016,9,0,0,1,1473466184
four,2016,9,0,1,1,1473469635
one,2016,9,0,1,12,1473480625
four,2016,9,0,0,10,1473486772
two,2016,9,0,1,8,1473490328
four,2016,10,1,0,15,1473508044
two,2016,10,1,0,6,1473530480
two,2016,10,1,1,5,1473550666
four,2016,10,1,1,15,1473557902
one,2016,10,1,1,9,1473562767
one,2016,10,1,1,9,1473568351
two,2016,10,1,0,5,1473570385
three,2016,10,1,0,4,1473575278
one,2016,11,1,0,9,1473579279
two,2016,11,1,0,5,1473618144
two,2016,11,1,0,6,1473622760
two,2016,11,1,0,17,1473635547
two,2016,11,1,0,5,1473646797
one,2016,11,1,0,7,1473651097
one,2016,12,0,0,12,1473696366
three,2016,12,0,0,3,1473699599
three,2016,12,0,0,3,1473718306
two,2016,12,0,1,13,1473737118
three,2016,13,0,1,4,1473765489
four,2016,13,0,1,2,1473766369
one,2016,13,0,0,9,1473813419
three,2016,13,0,1,11,1473813664
two,2016,13,0,1,8,1473820780
four,2016,13,0,0,2,1473827004
three,2016,13,0,0,11,1473829579
four,2016,14,0,1,15,1473855047
three,2016,14,0,0,3,1473860225
two,2016,14,0,1,5,1473922632
four,2016,15,0,0,2,1473943558
two,2016,15,0,1,16,1473943917
three,2016,15,0,1,3,1473954078
four,2016,15,0,1,1,1473965987
four,2016,15,0,1,10,1473966677
four,2016,15,0,1,1,1473997736
four,2016,15,0,0,10,1474000265
one,2016,16,0,0,7,1474020854
two,2016,16,0,1,16,1474031437
two,2016,16,0,1,13,1474041826
two,2016,16,0,1,8,1474046068
two,2016,16,0,1,16,1474095356
three,2016,17,1,1,3,1474103694
three,2016,17,1,0,3,1474112764
two,2016,17,1,1,13,1474148615
one,2016,17,1,0,12,1474160407
two,2016,17,1,0,13,1474164936
one,2016,17,1,1,7,1474167485
three,2016,17,1,0,4,1474177363
three,2016,17,1,0,14,1474181820
three,2016,18,1,1,3,1474211419
four,2016,18,1,1,10,1474214930
four,2016,18,1,0,10,1474226504
two,2016,18,1,1,5,1474231122
four,2016,18,1,1,10,1474244831
three,2016,18,1,0,14,1474248124
three,2016,18,1,1,11,1474250304
two,2016,18,1,1,5,1474264955
three,2016,19,0,0,4,1474270975
two,2016,19,0,0,5,1474283144
two,2016,19,0,1,8,1474328146
two,2016,19,0,0,16,1474340678
four,2016,20,0,1,1,1474354864
four,2016,20,0,0,15,1474358599
two,2016,20,0,0,17,1474359120
three,2016,20,0,0,14,1474370350
three,2016,20,0,1,11,1474390547
four,2016,20,0,0,1,1474399823
three,2016,20,0,1,14,1474422910
three,2016,21,0,0,11,1474451179
four,2016,21,0,1,2,1474473225
three,2016,21,0,1,11,1474480215
three,2016,21,0,1,3,1474489115
two,2016,21,0,0,6,1474507179
four,2016,21,0,0,15,1474510196
one,2016,21,0,1,9,1474510279
two,2016,21,0,1,17,1474516289
four,2016,21,0,0,15,1474519960
two,2016,21,0,0,17,1474525798
two,2016,21,0,1,5,1474527015
three,2016,22,0,0,3,1474547318
one,2016,22,0,1,9,1474549664
four,2016,22,0,1,2,1474566639
one,2016,22,0,0,9,1474568346
three,2016,22,0,0,14,1474586805
three,2016,23,0,0,11,1474619585
two,2016,23,0,0,13,1474621095
two,2016,23,0,1,13,1474631446
three,2016,23,0,0,11,1474639580
four,2016,23,0,0,2,1474649967
four,2016,23,0,0,2,1474649999
two,2016,23,0,0,13,1474658487
two,2016,23,0,0,6,1474671807
three,2016,24,1,0,14,1474709607
two,2016,24,1,0,5,1474710356
two,2016,24,1,1,6,1474712491
two,2016,24,1,0,16,1474713792
two,2016,24,1,0,8,1474721523
two,2016,24,1,1,13,1474728855
four,2016,24,1,0,15,1474730114
two,2016,24,1,0,13,1474734502
three,2016,24,1,1,3,1474754262
four,2016,25,1,1,1,1474791226
four,2016,25,1,1,10,1474819738
three,2016,25,1,0,4,1474825249
two,2016,25,1,0,13,1474825541
one,2016,25,1,1,7,1474834989
one,2016,25,1,0,7,1474836221
four,2016,25,1,0,15,1474839278
one,2016,25,1,1,9,1474844141
four,2016,25,1,0,15,1474853283
one,2016,25,1,0,12,1474870208
one,2016,26,0,0,9,1474908252
two,2016,26,0,1,16,1474931935
three,2016,26,0,1,4,1474938572
four,2016,27,0,0,10,1474974957
four,2016,27,0,0,15,1474988350
three,2016,27,0,1,14,1474990988
one,2016,27,0,1,7,1474999054
one,2016,27,0,1,7,1475001015
two,2016,27,0,0,5,1475026767
one,2016,27,0,0,7,1475033362
two,2016,28,0,0,8,1475052438
one,2016,28,0,0,7,1475065410
one,2016,28,0,1,7,1475083654
three,2016,28,0,0,14,1475122359
one,2016,29,0,0,7,1475137261
one,2016,29,0,0,7,1475143874
four,2016,29,0,1,10,1475148350
one,2016,29,0,0,7,1475148856
two,2016,29,0,1,8,1475158138
three,2016,29,0,0,3,1475158909
four,2016,29,0,1,10,1475162651
two,2016,29,0,0,6,1475169736
three,2016,29,0,0,4,1475174756
three,2016,29,0,1,4,1475190154
four,2016,29,0,0,2,1475196970
three,2016,30,0,1,4,1475220734
three,2016,30,0,1,14,1475228749
three,2016,30,0,0,3,1475239322
three,2016,30,0,0,14,1475241687
three,2016,30,0,1,11,1475247426
one,2016,30,0,1,9,1475260926
four,2016,30,0,1,10,1475269814
two,2016,30,0,1,17,1475276404
four,2016,1,1,0,10,1475305697
three,2016,1,1,1,14,1475305899
four,2016,1,1,0,1,1475307747
two,2016,1,1,0,13,1475307920
two,2016,1,1,0,13,1475308115
three,2016,1,1,0,14,1475348199
one,2016,1,1,0,7,1475367263
four,2016,1,1,0,10,1475374029
two,2016,1,1,1,16,1475376160
three,2016,1,1,0,14,1475390699
two,2016,2,1,0,5,1475399162
one,2016,2,1,1,9,1475404166
two,2016,2,1,1,6,1475406697
four,2016,2,1,1,15,1475464572
two,2016,3,0,1,8,1475478413
two,2016,3,0,1,6,1475480764
two,2016,3,0,0,6,1475506667
four,2016,3,0,0,10,1475554670
four,2016,4,0,1,1,1475566514
two,2016,4,0,0,5,1475596082
two,2016,4,0,1,17,1475616465
three,2016,4,0,0,11,1475621437
three,2016,4,0,0,4,1475628865
two,2016,4,0,0,5,1475642422
two,2016,5,0,1,17,1475660144
three,2016,5,0,1,14,1475667437
three,2016,5,0,0,11,1475670098
one,2016,5,0,1,9,1475674478
three,2016,5,0,1,4,1475731251
four,2016,6,0,0,15,1475743245
four,2016,6,0,0,15,1475745739
three,2016,6,0,0,3,1475752436
three,2016,6,0,0,3,1475761858
two,2016,6,0,1,17,1475775716
two,2016,6,0,0,13,1475781275
four,2016,6,0,1,10,1475786700
two,2016,6,0,1,5,1475818114
two,2016,7,0,0,17,1475835159
four,2016,7,0,0,1,1475838079
four,2016,7,0,1,1,1475840938
two,2016,7,0,1,8,1475866307
two,2016,7,0,1,6,1475874806
two,2016,7,0,1,8,1475878884
two,2016,7,0,1,16,1475885073
four,2016,7,0,1,15,1475890418
two,2016,7,0,0,6,1475893543
two,2016,7,0,0,16,1475893842
two,2016,7,0,1,13,1475898170
three,2016,7,0,1,4,1475901059
two,2016,7,0,0,16,1475906612
one,2016,8,1,0,7,1475910955
three,2016,8,1,0,4,1475913412
one,2016,8,1,1,7,1475927909
one,2016,8,1,0,9,1475942422
three,2016,8,1,1,3,1475942460
three,2016,8,1,1,3,1475947981
two,2016,8,1,0,5,1475992908
one,2016,8,1,1,7,1475993473
four,2016,9,1,1,10,1475999642
three,2016,9,1,1,11,1476008865
four,2016,9,1,1,1,1476008952
two,2016,9,1,0,6,1476011749
four,2016,9,1,0,10,1476012984
three,2016,9,1,1,3,1476031701
three,2016,9,1,0,14,1476036309
two,2016,9,1,0,16,1476042875
two,2016,9,1,0,13,1476074192
three,2016,10,0,0,4,1476086974
four,2016,10,0,1,1,1476088273
two,2016,10,0,1,13,1476122169
three,2016,10,0,1,4,1476124158
four,2016,10,0,0,1,1476137552
two,2016,10,0,1,13,1476141777
three,2016,10,0,1,14,1476150341
two,2016,10,0,0,6,1476151308
two,2016,11,0,0,8,1476170211
one,2016,11,0,1,9,1476174534
one,2016,11,0,0,7,1476177885
two,2016,11,0,1,5,1476189823
three,2016,11,0,1,4,1476192362
two,2016,11,0,1,13,1476207256
two,2016,11,0,1,6,1476214284
two,2016,11,0,0,17,1476235799
two,2016,12,0,1,5,1476258294
one,2016,12,0,0,9,1476278846
three,2016,12,0,1,11,1476284162
two,2016,12,0,1,16,1476295124
four,2016,12,0,0,15,1476307176
one,2016,12,0,0,12,1476316473
four,2016,13,0,1,10,1476344070
three,2016,13,0,1,4,1476369400
three,2016,13,0,1,3,1476369465
three,2016,13,0,0,4,1476380222
two,2016,13,0,0,16,1476391270
two,2016,13,0,1,5,1476397877
four,2016,13,0,1,15,1476401080
three,2016,13,0,0,3,1476402043
four,2016,13,0,1,2,1476403163
two,2016,13,0,0,17,1476403862
four,2016,13,0,0,1,1476409718
three,2016,14,0,0,11,1476449361
three,2016,14,0,1,14,1476467441
three,2016,14,0,0,4,1476473339
one,2016,14,0,1,9,1476474191
four,2016,14,0,0,10,1476487099
two,2016,14,0,0,16,1476489674
three,2016,14,0,0,4,1476489732
four,2016,14,0,1,15,1476501789
three,2016,14,0,0,14,1476510071
one,2016,15,1,0,7,1476543840
two,2016,15,1,0,16,1476549023
one,2016,15,1,1,7,1476554739
one,2016,15,1,0,9,1476560447
four,2016,15,1,1,1,1476561811
four,2016,15,1,0,15,1476571302
three,2016,16,1,0,4,1476604215
one,2016,16,1,0,7,1476606934
four,2016,16,1,1,1,1476616954
three,2016,16,1,1,14,1476632154
three,2016,16,1,0,11,1476632672
three,2016,16,1,0,11,1476637741
one,2016,16,1,0,7,1476650549
one,2016,16,1,0,9,1476655338
two,2016,16,1,0,17,1476663901
four,2016,16,1,1,10,1476665115
one,2016,16,1,0,7,1476665235
four,2016,17,0,0,2,1476695911
one,2016,17,0,0,9,1476697730
one,2016,17,0,1,9,1476703530
four,2016,17,0,0,10,1476724290
two,2016,18,0,0,5,1476783999
two,2016,18,0,0,13,1476784980
two,2016,18,0,1,6,1476793001
two,2016,18,0,0,17,1476793612
four,2016,18,0,1,15,1476797207
two,2016,18,0,0,6,1476800505
three,2016,18,0,1,3,1476806701
one,2016,18,0,0,7,1476854786
four,2016,19,0,1,10,1476860402
one,2016,19,0,0,9,1476864013
two,2016,19,0,1,13,1476872966
three,2016,19,0,0,11,1476944858
three,2016,20,0,1,4,1476962553
one,2016,20,0,1,7,1476968678
two,2016,20,0,1,13,1476969552
two,2016,20,0,0,17,1476972000
two,2016,20,0,0,16,1476980598
one,2016,20,0,0,9,1476988682
one,2016,20,0,1,7,1476991146
two,2016,20,0,0,5,1477002464
two,2016,20,0,0,5,1477004022
one,2016,20,0,0,12,1477007728
two,2016,20,0,1,13,1477007897
two,2016,20,0,0,13,1477024750
four,2016,20,0,1,2,1477031950
two,2016,21,0,0,5,1477040199
four,2016,21,0,1,15,1477054976
four,2016,21,0,1,15,1477065429
three,2016,21,0,0,4,1477069133
two,2016,21,0,0,6,1477079413
two,2016,21,0,1,16,1477099323
two,2016,21,0,1,5,1477103723
four,2016,21,0,0,10,1477108516
three,2016,21,0,0,3,1477117129
two,2016,22,1,0,6,1477137929
three,2016,22,1,0,14,1477158901
three,2016,22,1,1,4,1477178242
one,2016,22,1,1,9,1477183262
three,2016,22,1,1,14,1477191502
one,2016,22,1,0,9,1477194195
one,2016,22,1,1,9,1477200380
two,2016,22,1,0,8,1477202154
one,2016,23,1,1,9,1477220883
three,2016,23,1,0,11,1477263484
two,2016,23,1,0,13,1477288688
two,2016,23,1,0,8,1477291311
two,2016,24,0,1,5,1477323571
four,2016,24,0,0,2,1477325103
one,2016,24,0,1,7,1477343298
three,2016,24,0,0,11,1477360523
three,2016,24,0,1,3,1477366699
four,2016,24,0,0,10,1477368425
one,2016,25,0,0,7,1477387971
two,2016,25,0,0,17,1477389777
four,2016,25,0,0,1,1477393938
four,2016,25,0,0,2,1477414106
three,2016,25,0,0,14,1477436214
four,2016,25,0,0,10,1477438158
two,2016,25,0,1,6,1477441244
one,2016,25,0,1,12,1477446037
three,2016,25,0,1,11,1477457398
four,2016,25,0,1,1,1477462623
two,2016,26,0,0,17,1477470889
four,2016,26,0,1,2,1477475568
four,2016,26,0,0,2,1477498833
four,2016,26,0,1,2,1477525246
two,2016,26,0,1,13,1477551536
four,2016,27,0,0,1,1477571153
three,2016,27,0,1,14,1477571651
two,2016,27,0,0,13,1477574072
two,2016,27,0,0,16,1477577010
four,2016,27,0,1,10,1477580582
two,2016,27,0,0,8,1477583778
three,2016,27,0,0,4,1477595964
one,2016,27,0,0,12,1477608841
two,2016,27,0,1,8,1477611254
two,2016,27,0,0,17,1477617125
three,2016,27,0,0,3,1477622779
three,2016,27,0,1,14,1477633738
four,2016,28,0,0,1,1477649041
three,2016,28,0,0,3,1477650446
three,2016,28,0,1,3,1477673109
three,2016,28,0,0,14,1477676329
four,2016,28,0,1,1,1477677377
four,2016,28,0,0,1,1477686040
three,2016,28,0,1,14,1477690436
two,2016,28,0,0,17,1477697676
two,2016,28,0,0,5,1477705682
three,2016,28,0,0,3,1477715189
four,2016,28,0,0,15,1477722349
four,2016,29,1,0,2,1477734871
one,2016,29,1,1,12,1477750125
two,2016,29,1,0,13,1477752509
three,2016,29,1,0,3,1477754873
two,2016,29,1,1,13,1477764988
one,2016,29,1,1,12,1477795518
two,2016,29,1,0,13,1477805628
one,2016,30,1,1,7,1477821678
two,2016,30,1,1,13,1477826375
one,2016,30,1,1,7,1477846550
three,2016,30,1,0,3,1477858653
three,2016,30,1,1,14,1477860504
two,2016,30,1,1,6,1477861242
three,2016,30,1,0,4,1477883283
two,2016,31,0,1,17,1477929636
two,2016,31,0,1,17,1477936883
one,2016,31,0,0,12,1477950428
three,2016,31,0,0,4,1477956738
four,2016,31,0,1,2,1477973557
three,2016,31,0,0,3,1477979382
two,2016,31,0,1,16,1477980305
three,2016,1,0,1,3,1477984749
one,2016,1,0,1,9,1477984812
three,2016,1,0,0,3,1477993175
four,2016,1,0,0,1,1477997287
three,2016,1,0,1,4,1478002502
three,2016,1,0,1,14,1478032898
three,2016,1,0,0,14,1478063374
four,2016,2,0,1,15,1478109689
four,2016,2,0,0,10,1478127345
four,2016,2,0,0,1,1478137428
four,2016,2,0,0,10,1478151930
two,2016,3,0,1,16,1478223072
one,2016,3,0,0,7,1478229931
one,2016,4,0,1,12,1478263493
two,2016,4,0,1,17,1478269738
three,2016,4,0,0,4,1478273201
three,2016,4,0,1,3,1478287662
two,2016,4,0,1,17,1478289956
two,2016,5,1,0,8,1478350775
two,2016,5,1,0,6,1478356335
four,2016,5,1,0,1,1478360503
two,2016,5,1,0,17,1478362342
two,2016,5,1,1,16,1478372874
one,2016,5,1,1,7,1478380647
three,2016,5,1,0,11,1478383615
two,2016,5,1,1,13,1478409436
four,2016,6,1,1,2,1478424190
two,2016,6,1,1,6,1478434462
four,2016,6,1,0,2,1478437163
two,2016,6,1,0,13,1478444511
two,2016,6,1,1,17,1478447349
three,2016,6,1,1,11,1478457822
two,2016,6,1,1,17,1478463006
two,2016,6,1,0,16,1478472607
one,2016,6,1,0,7,1478487322
three,2016,6,1,1,3,1478495774
four,2016,6,1,0,2,1478501292
one,2016,7,0,0,9,1478516786
four,2016,7,0,0,2,1478521653
three,2016,7,0,1,4,1478522599
one,2016,7,0,1,12,1478525683
three,2016,7,0,1,4,1478530589
two,2016,7,0,1,8,1478535020
two,2016,7,0,0,13,1478543963
two,2016,7,0,0,17,1478552359
two,2016,7,0,1,17,1478569634
two,2016,7,0,0,16,1478577698
two,2016,7,0,1,17,1478581608
four,2016,8,0,0,10,1478605806
two,2016,8,0,0,13,1478610557
one,2016,8,0,1,9,1478624363
four,2016,8,0,0,15,1478655145
four,2016,8,0,1,15,1478660311
three,2016,8,0,0,14,1478669422
one,2016,9,0,1,9,1478693167
two,2016,9,0,0,17,1478696223
four,2016,9,0,0,10,1478708378
two,2016,9,0,1,8,1478714003
two,2016,9,0,0,6,1478720787
four,2016,9,0,0,15,1478722436
four,2016,9,0,0,10,1478729954
four,2016,9,0,0,10,1478730103
two,2016,9,0,1,13,1478736678
one,2016,9,0,0,12,1478743437
three,2016,9,0,1,11,1478747985
two,2016,9,0,1,17,1478749362
three,2016,9,0,0,14,1478749627
two,2016,9,0,0,6,1478753903
four,2016,9,0,0,2,1478761177
two,2016,9,0,1,5,1478761687
one,2016,10,0,1,7,1478764879
three,2016,10,0,0,4,1478773525
two,2016,10,0,1,5,1478775118
two,2016,10,0,0,16,1478776244
four,2016,10,0,1,1,1478792147
two,2016,10,0,0,8,1478797388
four,2016,10,0,0,10,1478819306
three,2016,10,0,1,11,1478828095
four,2016,10,0,1,2,1478828158
four,2016,10,0,1,10,1478829327
two,2016,10,0,0,16,1478829839
two,2016,10,0,1,8,1478830262
one,2016,10,0,1,7,1478834476
three,2016,11,0,0,11,1478867246
one,2016,11,0,1,12,1478873799
one,2016,11,0,1,12,1478920455
three,2016,12,1,1,3,1478947836
two,2016,12,1,1,16,1478984272
two,2016,12,1,1,13,1478988675
two,2016,12,1,0,17,1479003519
three,2016,13,1,0,3,1479039850
four,2016,13,1,0,1,1479046251
three,2016,13,1,1,14,1479047668
one,2016,13,1,1,7,1479064133
one,2016,14,0,1,7,1479113141
two,2016,14,0,1,17,1479116979
four,2016,14,0,0,10,1479119203
three,2016,14,0,0,14,1479119695
three,2016,14,0,1,11,1479139613
one,2016,14,0,1,12,1479151808
four,2016,14,0,0,15,1479165650
two,2016,14,0,1,13,1479180900
three,2016,15,0,0,11,1479223897
two,2016,15,0,0,13,1479232107
two,2016,15,0,1,6,1479232391
two,2016,15,0,1,16,1479236864
three,2016,15,0,1,11,1479243475
two,2016,15,0,1,16,1479245653
two,2016,15,0,1,17,1479261747
four,2016,16,0,1,2,1479296824
two,2016,16,0,0,16,1479306012
three,2016,16,0,0,3,1479311478
two,2016,16,0,0,13,1479325806
two,2016,17,0,0,8,1479370358
four,2016,17,0,1,2,1479381461
four,2016,17,0,0,2,1479405064
two,2016,17,0,0,16,1479426208
three,2016,17,0,0,3,1479453284
one,2016,18,0,0,9,1479458531
two,2016,18,0,1,5,1479463915
two,2016,18,0,0,5,1479478254
two,2016,18,0,1,6,1479484437
one,2016,18,0,1,9,1479496636
two,2016,18,0,1,17,1479498892
four,2016,18,0,0,2,1479504867
one,2016,18,0,0,12,1479515179
one,2016,18,0,1,12,1479529580
one,2016,18,0,0,9,1479530858
two,2016,18,0,0,5,1479533553
one,2016,19,1,1,9,1479542777
two,2016,19,1,0,6,1479550284
one,2016,19,1,0,7,1479555973
two,2016,19,1,0,5,1479570287
three,2016,19,1,1,11,1479623809
one,2016,19,1,1,7,1479624080
one,2016,20,1,1,7,1479648218
two,2016,20,1,1,13,1479652119
one,2016,20,1,1,9,1479654105
two,2016,20,1,0,17,1479690911
four,2016,20,1,1,1,1479698207
two,2016,20,1,0,6,1479698878
four,2016,20,1,0,1,1479703604
two,2016,20,1,1,8,1479711018
one,2016,20,1,1,7,1479711232
two,2016,21,0,0,8,1479716831
one,2016,21,0,0,9,1479749175
two,2016,21,0,1,6,1479769276
two,2016,21,0,1,17,1479774590
two,2016,22,0,1,8,1479808075
two,2016,22,0,1,5,1479818725
three,2016,22,0,0,11,1479829764
four,2016,22,0,1,10,1479831117
two,2016,22,0,1,5,1479843898
two,2016,22,0,1,17,1479845244
three,2016,22,0,1,4,1479852369
three,2016,22,0,1,11,1479875254
two,2016,22,0,0,5,1479878876
one,2016,23,0,1,9,1479901198
three,2016,23,0,0,14,1479901469
one,2016,23,0,0,9,1479912305
two,2016,23,0,1,6,1479963122
two,2016,23,0,1,8,1479963442
three,2016,23,0,1,14,1479963567
three,2016,23,0,1,3,1479965934
one,2016,23,0,0,7,1479966540
three,2016,23,0,0,14,1479967682
three,2016,23,0,0,4,1479968977
three,2016,23,0,0,11,1479970824
two,2016,24,0,0,17,1479995134
two,2016,24,0,1,17,1479998822
one,2016,24,0,0,9,1480005733
four,2016,24,0,0,15,1480010574
one,2016,24,0,0,7,1480022111
four,2016,24,0,0,1,1480032779
three,2016,24,0,1,4,1480033175
four,2016,24,0,1,2,1480033653
three,2016,24,0,0,11,1480054400
two,2016,25,0,1,13,1480061510
four,2016,25,0,1,15,1480062554
four,2016,25,0,1,10,1480078897
one,2016,25,0,0,7,1480110593
three,2016,25,0,0,11,1480124246
four,2016,25,0,0,10,1480131998
two,2016,26,1,1,13,1480157520
two,2016,26,1,1,5,1480164184
four,2016,26,1,0,2,1480173740
two,2016,26,1,1,6,1480174059
three,2016,26,1,1,11,1480179936
two,2016,26,1,1,6,1480202752
four,2016,26,1,0,15,1480212946
two,2016,26,1,1,8,1480220265
one,2016,26,1,1,12,1480233196
three,2016,27,1,0,14,1480253632
two,2016,27,1,0,16,1480267001
four,2016,27,1,1,10,1480269816
four,2016,27,1,1,10,1480270694
three,2016,27,1,0,14,1480277586
three,2016,27,1,0,11,1480277785
one,2016,27,1,0,7,1480284920
one,2016,27,1,0,12,1480292191
three,2016,28,0,0,4,1480322501
four,2016,28,0,0,1,1480327274
one,2016,28,0,1,12,1480331788
three,2016,28,0,0,3,1480341175
one,2016,28,0,1,7,1480346586
three,2016,28,0,1,4,1480352127
two,2016,28,0,1,5,1480356849
four,2016,28,0,1,1,1480384803
three,2016,29,0,0,11,1480443557
four,2016,29,0,1,15,1480446105
one,2016,29,0,1,9,1480447633
one,2016,29,0,1,7,1480449052
two,2016,29,0,0,6,1480455110
four,2016,29,0,1,2,1480457083
two,2016,29,0,1,13,1480458431
two,2016,29,0,0,6,1480464033
one,2016,29,0,0,7,1480464973
two,2016,29,0,0,17,1480466026
four,2016,29,0,0,1,1480473053
two,2016,29,0,1,16,1480476444
three,2016,29,0,0,4,1480481827
three,2016,29,0,0,4,1480490454
four,2016,30,0,1,15,1480494744
two,2016,30,0,1,17,1480498042
four,2016,30,0,1,2,1480504783
two,2016,30,0,1,16,1480509188
one,2016,30,0,0,7,1480522135
three,2016,30,0,1,4,1480528356
two,2016,30,0,0,17,1480542254
one,2016,30,0,1,9,1480555996
four,2016,30,0,0,15,1480561997
three,2016,30,0,1,14,1480565200
two,2016,1,0,1,5,1480584786
three,2016,1,0,1,14,1480587612
four,2016,1,0,1,10,1480603381
two,2016,1,0,0,13,1480608263
three,2016,1,0,0,4,1480642118
three,2016,2,0,0,3,1480711809
three,2016,2,0,1,4,1480721974
three,2016,3,1,0,14,1480787394
two,2016,3,1,0,8,1480790417
three,2016,3,1,0,3,1480821123
one,2016,3,1,1,7,1480825381
two,2016,3,1,0,6,1480833697
two,2016,4,1,1,8,1480845718
two,2016,4,1,0,8,1480863399
three,2016,4,1,0,3,1480864765
one,2016,4,1,1,12,1480908719
two,2016,4,1,1,17,1480918238
one,2016,4,1,0,12,1480922645
two,2016,5,0,0,13,1480935998
three,2016,5,0,0,14,1480945382
one,2016,5,0,0,9,1480977832
one,2016,5,0,1,7,1480993210
two,2016,6,0,1,17,1481013477
three,2016,6,0,0,4,1481019570
two,2016,6,0,1,16,1481020833
three,2016,6,0,0,3,1481039780
one,2016,6,0,0,9,1481076235
one,2016,6,0,0,7,1481083639
two,2016,6,0,1,17,1481095208
one,2016,7,0,0,7,1481098478
one,2016,7,0,1,7,1481107170
four,2016,7,0,0,2,1481111542
three,2016,7,0,0,14,1481115063
two,2016,7,0,1,16,1481123348
four,2016,7,0,1,15,1481127724
three,2016,7,0,0,3,1481130311
one,2016,7,0,0,7,1481132251
four,2016,7,0,1,1,1481147310
four,2016,7,0,1,1,1481160359
two,2016,7,0,1,6,1481167791
three,2016,7,0,1,3,1481170433
one,2016,7,0,1,7,1481173738
four,2016,8,0,0,2,1481193963
two,2016,8,0,1,5,1481203992
three,2016,8,0,1,14,1481211029
one,2016,8,0,1,12,1481228749
one,2016,8,0,1,9,1481260384
two,2016,8,0,0,13,1481266755
three,2016,8,0,0,3,1481267175
four,2016,9,0,0,15,1481284640
four,2016,9,0,1,10,1481293871
three,2016,9,0,1,4,1481297785
two,2016,9,0,1,17,1481304500
one,2016,9,0,1,9,1481312470
three,2016,9,0,0,14,1481313631
two,2016,9,0,0,6,1481351996
three,2016,9,0,1,4,1481354417
four,2016,10,1,0,2,1481361882
two,2016,10,1,1,13,1481364812
three,2016,10,1,1,3,1481368484
two,2016,10,1,1,16,1481381409
three,2016,10,1,0,4,1481386333
three,2016,10,1,1,14,1481391388
three,2016,10,1,1,3,1481424708
two,2016,10,1,0,13,1481431686
one,2016,11,1,1,12,1481458192
three,2016,11,1,0,11,1481497549
two,2016,11,1,1,6,1481502331
two,2016,11,1,0,6,1481505225
one,2016,11,1,1,7,1481523776
four,2016,11,1,1,1,1481525409
one,2016,12,0,0,9,1481533907
one,2016,12,0,1,9,1481555639
two,2016,12,0,0,8,1481607773
one,2016,12,0,1,9,1481615209
three,2016,13,0,0,11,1481617504
two,2016,13,0,1,8,1481621124
four,2016,13,0,0,2,1481666878
three,2016,13,0,0,4,1481668617
two,2016,13,0,0,16,1481680462
four,2016,13,0,1,15,1481683846
four,2016,13,0,1,10,1481686652
two,2016,13,0,0,8,1481692901
four,2016,14,0,0,1,1481736047
one,2016,14,0,0,7,1481736557
four,2016,14,0,1,10,1481740048
four,2016,14,0,1,10,1481754326
three,2016,14,0,1,3,1481758194
two,2016,15,0,0,6,1481794155
one,2016,15,0,0,7,1481803168
three,2016,15,0,1,4,1481810641
two,2016,15,0,1,17,1481811994
three,2016,15,0,1,3,1481835880
two,2016,15,0,0,16,1481843551
three,2016,15,0,0,11,1481849774
two,2016,15,0,1,8,1481857035
two,2016,15,0,0,6,1481871346
two,2016,16,0,0,6,1481886732
one,2016,16,0,1,12,1481898694
two,2016,16,0,0,16,1481902795
two,2016,16,0,1,16,1481905370
two,2016,16,0,1,16,1481914721
two,2016,16,0,0,13,1481919299
one,2016,16,0,1,7,1481923562
two,2016,16,0,1,16,1481929419
three,2016,16,0,0,14,1481942266
three,2016,16,0,0,11,1481944542
one,2016,17,1,1,12,1481982230
two,2016,17,1,1,16,1481990448
four,2016,17,1,0,2,1482004759
three,2016,17,1,1,14,1482024560
one,2016,17,1,0,7,1482042648
four,2016,18,1,1,2,1482048645
two,2016,18,1,1,13,1482057841
two,2016,18,1,0,17,1482066488
two,2016,18,1,0,16,1482075537
three,2016,18,1,0,11,1482087969
three,2016,18,1,1,3,1482101364
one,2016,18,1,0,9,1482115744
four,2016,18,1,0,10,1482116886
four,2016,18,1,0,2,1482117787
two,2016,18,1,0,16,1482119125
one,2016,18,1,0,7,1482123934
one,2016,18,1,1,7,1482129733
two,2016,18,1,0,16,1482129911
four,2016,19,0,0,15,1482141034
two,2016,19,0,0,6,1482145324
three,2016,19,0,0,4,1482150816
three,2016,19,0,1,3,1482165573
one,2016,19,0,0,12,1482171571
three,2016,19,0,1,14,1482173878
four,2016,19,0,0,1,1482178572
two,2016,19,0,1,17,1482201442
two,2016,19,0,1,5,1482212924
two,2016,20,0,1,8,1482221404
four,2016,20,0,0,10,1482230676
one,2016,20,0,0,9,1482236029
one,2016,20,0,1,9,1482250920
two,2016,20,0,1,5,1482253141
two,2016,20,0,1,16,1482266479
two,2016,20,0,1,13,1482269982
two,2016,20,0,1,13,1482288226
two,2016,20,0,1,13,1482294340
one,2016,20,0,0,12,1482295496
one,2016,21,0,0,9,1482320674
two,2016,21,0,1,16,1482343043
four,2016,21,0,1,2,1482344171
three,2016,21,0,1,11,1482358528
two,2016,22,0,0,13,1482408540
two,2016,22,0,1,6,1482431567
two,2016,22,0,1,5,1482452247
two,2016,22,0,1,16,1482453827
three,2016,22,0,0,4,1482457883
four,2016,22,0,0,1,1482464752
two,2016,23,0,0,6,1482502326
three,2016,23,0,1,11,1482511280
four,2016,23,0,1,15,1482513491
two,2016,23,0,0,16,1482552819
two,2016,24,1,1,13,1482568239
one,2016,24,1,0,12,1482577307
two,2016,24,1,1,6,1482577311
two,2016,24,1,0,5,1482578929
three,2016,24,1,1,3,1482582298
one,2016,24,1,0,7,1482587004
one,2016,24,1,0,12,1482593504
four,2016,24,1,1,2,1482594168
three,2016,24,1,1,4,1482599505
four,2016,24,1,1,15,1482599586
three,2016,24,1,0,3,1482600344
one,2016,24,1,1,7,1482606333
three,2016,24,1,1,4,1482612172
four,2016,24,1,1,1,1482619902
one,2016,24,1,1,12,1482627005
one,2016,24,1,1,9,1482638729
two,2016,25,1,1,13,1482675020
three,2016,25,1,0,11,1482677823
one,2016,25,1,0,7,1482685283
two,2016,25,1,0,6,1482691690
four,2016,25,1,0,2,1482702860
two,2016,25,1,0,13,1482711760
two,2016,26,0,0,8,1482751741
two,2016,26,0,1,6,1482767647
two,2016,26,0,1,16,1482772940
four,2016,26,0,1,2,1482780201
two,2016,26,0,0,13,1482793813
four,2016,26,0,1,10,1482794358
one,2016,26,0,0,12,1482821680
one,2016,27,0,0,9,1482832609
one,2016,27,0,1,9,1482835636
one,2016,27,0,1,12,1482853075
two,2016,27,0,1,6,1482895782
two,2016,27,0,0,17,1482896334
four,2016,28,0,1,10,1482916579
two,2016,28,0,1,16,1482918261
one,2016,28,0,1,9,1482939128
two,2016,28,0,0,16,1482956431
four,2016,28,0,1,10,1482958390
three,2016,28,0,0,14,1482966462
two,2016,28,0,0,13,1482968101
two,2016,28,0,1,8,1482976292
four,2016,28,0,0,15,1482978513
four,2016,29,0,1,1,1483001144
two,2016,29,0,0,16,1483014272
three,2016,29,0,0,3,1483017057
four,2016,29,0,0,1,1483017065
two,2016,29,0,1,13,1483036378
four,2016,29,0,1,10,1483038553
four,2016,29,0,1,10,1483040890
three,2016,29,0,0,14,1483043958
two,2016,29,0,0,5,1483058635
two,2016,29,0,1,5,1483061982
three,2016,29,0,1,3,1483075716
one,2016,30,0,0,12,1483089750
two,2016,30,0,0,6,1483103255
four,2016,30,0,1,15,1483141204
four,2016,30,0,0,10,1483150560
four,2016,30,0,0,15,1483160433
four,2016,31,1,0,2,1483181584
three,2016,31,1,0,11,1483192310
three,2016,31,1,1,14,1483216536
four,2016,31,1,1,15,1483220293
three,2016,31,1,1,14,1483220424
four,2017,31,1,1,15,1483238715
one,2017,31,1,0,7,1483243498
two,2017,31,1,1,6,1483245564
four,2017,1,1,0,15,1483278699
four,2017,1,1,0,15,1483280364
two,2017,1,1,0,6,1483281231
four,2017,1,1,1,1,1483291415
two,2017,1,1,0,8,1483292009
two,2017,1,1,1,16,1483292621
two,2017,1,1,1,5,1483297113
four,2017,1,1,0,15,1483305074
one,2017,1,1,1,9,1483309187
four,2017,1,1,1,1,1483313034
one,2017,1,1,1,12,1483324813
three,2017,1,1,0,14,1483325778
four,2017,2,0,1,2,1483345590
three,2017,2,0,1,11,1483353126
two,2017,2,0,1,16,1483354373
two,2017,2,0,1,16,1483356040
one,2017,2,0,1,9,1483375541
two,2017,2,0,0,16,1483379811
three,2017,2,0,1,4,1483383590
two,2017,2,0,0,5,1483383723
four,2017,2,0,1,1,1483387653
four,2017,2,0,1,2,1483390049
one,2017,2,0,1,9,1483404341
one,2017,2,0,0,9,1483418995
four,2017,3,0,1,10,1483430711
four,2017,3,0,1,2,1483441796
three,2017,3,0,0,3,1483466998
two,2017,3,0,1,6,1483474342
two,2017,3,0,0,5,1483501715
four,2017,3,0,1,10,1483512432
two,2017,4,0,0,5,1483519969
two,2017,4,0,1,17,1483526246
three,2017,4,0,1,3,1483534749
two,2017,4,0,0,6,1483548184
two,2017,4,0,1,5,1483550047
four,2017,4,0,0,1,1483551853
four,2017,4,0,1,1,1483563615
one,2017,4,0,1,9,1483565592
two,2017,4,0,1,5,1483573411
one,2017,4,0,1,12,1483592186
two,2017,5,0,1,5,1483607087
two,2017,5,0,1,6,1483612867
three,2017,5,0,0,4,1483620819
two,2017,5,0,1,6,1483645851
three,2017,5,0,1,11,1483646900
two,2017,5,0,0,6,1483657237
three,2017,5,0,0,4,1483663932
four,2017,5,0,0,1,1483667536
four,2017,5,0,0,2,1483679653
one,2017,5,0,1,9,1483680755
two,2017,6,0,1,6,1483694948
three,2017,6,0,1,4,1483738743
two,2017,6,0,1,17,1483745322
one,2017,6,0,0,7,1483761088
four,2017,6,0,0,10,1483768771
three,2017,7,1,1,11,1483785695
three,2017,7,1,1,11,1483792226
two,2017,7,1,1,16,1483793473
three,2017,7,1,1,4,1483817591
one,2017,7,1,0,12,1483829642
two,2017,7,1,1,16,1483836661
three,2017,7,1,0,11,1483836876
four,2017,7,1,1,1,1483855352
one,2017,8,1,0,9,1483870013
two,2017,8,1,0,5,1483878133
three,2017,8,1,1,14,1483894247
three,2017,8,1,1,11,1483916735
four,2017,8,1,1,10,1483918338
one,2017,8,1,0,9,1483920067
two,2017,9,0,0,17,1483952129
four,2017,9,0,1,2,1483983095
four,2017,9,0,1,15,1483988733
two,2017,9,0,1,16,1483989888
two,2017,9,0,0,5,1484000573
one,2017,9,0,1,7,1484011675
four,2017,9,0,0,2,1484019140
four,2017,9,0,1,10,1484021681
four,2017,10,0,0,10,1484038772
two,2017,10,0,0,8,1484043572
one,2017,10,0,1,9,1484046119
three,2017,10,0,1,3,1484047622
two,2017,10,0,1,6,1484049260
three,2017,10,0,1,4,1484049391
four,2017,10,0,1,15,1484049437
one,2017,10,0,1,12,1484056396
two,2017,10,0,0,17,1484065119
one,2017,10,0,0,12,1484072089
four,2017,10,0,0,2,1484073238
four,2017,10,0,0,1,1484090311
four,2017,10,0,1,1,1484091139
two,2017,10,0,0,17,1484114530
two,2017,11,0,1,17,1484171131
one,2017,11,0,1,12,1484179533
two,2017,11,0,1,6,1484201244
two,2017,12,0,0,13,1484213951
four,2017,12,0,1,1,1484220344
three,2017,12,0,1,4,1484223765
two,2017,12,0,0,16,1484234941
one,2017,12,0,1,9,1484251500
two,2017,12,0,1,5,1484254148
three,2017,12,0,1,11,1484257492
two,2017,12,0,0,16,1484274740
one,2017,13,0,0,7,1484307354
two,2017,13,0,1,5,1484316192
one,2017,13,0,0,9,1484329130
four,2017,13,0,1,2,1484358955
three,2017,14,1,0,4,1484381367
three,2017,14,1,1,3,1484395069
one,2017,14,1,1,9,1484416421
three,2017,14,1,1,11,1484418426
one,2017,14,1,0,7,1484430440
two,2017,14,1,1,13,1484442313
one,2017,14,1,1,7,1484443082
three,2017,14,1,1,4,1484462673
one,2017,15,1,1,12,1484492752
three,2017,15,1,0,11,1484507219
three,2017,15,1,0,3,1484515181
two,2017,15,1,0,5,1484522770
two,2017,15,1,1,6,1484526576
four,2017,15,1,0,2,1484533520
four,2017,15,1,0,1,1484541199
three,2017,15,1,0,4,1484544705
one,2017,16,0,1,12,1484561553
three,2017,16,0,1,14,1484561911
two,2017,16,0,0,8,1484567912
two,2017,16,0,0,17,1484602165
two,2017,16,0,1,13,1484612574
two,2017,16,0,1,8,1484628673
four,2017,17,0,0,10,1484640826
one,2017,17,0,0,12,1484642461
three,2017,17,0,0,4,1484653129
two,2017,17,0,0,17,1484664923
four,2017,17,0,0,1,1484666648
four,2017,17,0,0,15,1484688366
four,2017,17,0,0,15,1484693689
two,2017,17,0,1,5,1484708750
two,2017,18,0,1,8,1484727367
three,2017,18,0,1,14,1484727457
four,2017,18,0,1,2,1484738037
three,2017,18,0,1,4,1484744350
two,2017,18,0,0,13,1484758022
one,2017,18,0,0,12,1484760701
two,2017,18,0,1,16,1484769650
three,2017,18,0,0,4,1484782866
three,2017,18,0,0,14,1484791461
four,2017,18,0,0,1,1484801287
four,2017,18,0,0,15,1484802829
two,2017,18,0,1,17,1484811742
two,2017,19,0,0,13,1484837773
four,2017,19,0,1,15,1484840954
two,2017,19,0,0,8,1484867554
four,2017,19,0,0,15,1484871425
two,2017,19,0,0,5,1484881345
one,2017,19,0,1,12,1484890251
one,2017,19,0,0,9,1484896288
one,2017,20,0,1,12,1484901736
two,2017,20,0,0,16,1484909634
two,2017,20,0,0,8,1484938923
three,2017,20,0,1,11,1484950982
four,2017,20,0,0,2,1484954559
four,2017,20,0,0,15,1484961865
two,2017,20,0,1,16,1484975172
four,2017,21,1,1,15,1484987583
one,2017,21,1,0,9,1485010949
four,2017,21,1,0,15,1485019507
three,2017,21,1,1,11,1485019507